table,difference,match,pair,quantity,published,reproduced
Worksheet,0,TRUE,HCR-MCG,HI,27.40488841657811,27.40488841657811
Worksheet,0,TRUE,HCR-MCG,MI,34.87353878852285,34.87353878852285
Worksheet,0,TRUE,HCR-MCG,LI,40.46758767268864,40.46758767268864
Worksheet,0,TRUE,HCR-MCG,mean,34.248671625929866,34.248671625929866
Worksheet,2.4868995751603507e-14,TRUE,HCR-MCG,sd,6.55372963983582,6.5537296398358444
Worksheet,7.105427357601002e-15,TRUE,HCR-LCG,HI,35.94594594594595,35.94594594594596
Worksheet,0,TRUE,HCR-LCG,MI,36.55717255717256,36.55717255717256
Worksheet,0,TRUE,HCR-LCG,LI,49.334719334719345,49.334719334719345
Worksheet,0,TRUE,HCR-LCG,mean,40.61261261261262,40.61261261261262
Worksheet,3.375077994860476e-14,TRUE,HCR-LCG,sd,7.559745944569293,7.559745944569327
Worksheet,-1.0658141036401503e-14,TRUE,MCR-LCG,HI,22.562123039806995,22.562123039806984
Worksheet,-3.552713678800501e-15,TRUE,MCR-LCG,MI,17.158021712907118,17.158021712907114
Worksheet,0,TRUE,MCR-LCG,LI,0,0
Worksheet,-5.3290705182007514e-15,TRUE,MCR-LCG,mean,13.240048250904705,13.2400482509047
Worksheet,-5.3290705182007514e-15,TRUE,MCR-LCG,sd,11.78029015145908,11.780290151459075
