table,row,quantity,published,reproduced,difference,match
Table 4,HCG-HI,HC,110,110,0,TRUE
Table 4,HCG-HI,MC,27,27,0,TRUE
Table 4,HCG-HI,LC,3,3,0,TRUE
Table 4,HCG-MI,HC,85,85,0,TRUE
Table 4,HCG-MI,MC,34,34,0,TRUE
Table 4,HCG-MI,LC,7,7,0,TRUE
Table 4,HCG-LI,HC,86,86,0,TRUE
Table 4,HCG-LI,MC,39,39,0,TRUE
Table 4,HCG-LI,LC,21,21,0,TRUE
Table 4,MCG-HI,HC,66,66,0,TRUE
Table 4,MCG-HI,MC,83,83,0,TRUE
Table 4,MCG-HI,LC,10,10,0,TRUE
Table 4,MCG-MI,HC,29,29,0,TRUE
Table 4,MCG-MI,MC,46,46,0,TRUE
Table 4,MCG-MI,LC,39,39,0,TRUE
Table 4,MCG-LI,HC,21,21,0,TRUE
Table 4,MCG-LI,MC,29,29,0,TRUE
Table 4,MCG-LI,LC,32,32,0,TRUE
Table 4,LCG-HI,HC,51,51,0,TRUE
Table 4,LCG-HI,MC,58,58,0,TRUE
Table 4,LCG-HI,LC,69,69,0,TRUE
Table 4,LCG-MI,HC,25,25,0,TRUE
Table 4,LCG-MI,MC,31,31,0,TRUE
Table 4,LCG-MI,LC,45,45,0,TRUE
Table 4,LCG-LI,HC,5,5,0,TRUE
Table 4,LCG-LI,MC,27,27,0,TRUE
Table 4,LCG-LI,LC,45,45,0,TRUE
Table 5,HCG-HI,HC_est,0.2197,0.21966527196654487,-3.4728033455139196e-5,TRUE
Table 5,HCG-HI,HC_se,0.0198,0.01982727304825627,2.7273048256268306e-5,TRUE
Table 5,HCG-HI,MC_est,-0,-1.8299770612228365e-15,-1.8299770612228365e-15,TRUE
Table 5,HCG-HI,MC_se,0.019,0.018951151313284256,-4.884868671574394e-5,TRUE
Table 5,HCG-HI,LC_est,-0.155,-0.15498154981550008,1.845018449991853e-5,TRUE
Table 5,HCG-HI,LC_p,0,5.449128591769704e-11,5.449128591769704e-11,TRUE
Table 5,HCG-MI,HC_est,0.1674,0.16736401673636778,-3.59832636322166e-5,TRUE
Table 5,HCG-MI,HC_se,0.0181,0.01811642014170156,1.6420141701559837e-5,TRUE
Table 5,HCG-MI,MC_est,0.0187,0.018716577540112102,1.6577540112101136e-5,TRUE
Table 5,HCG-MI,MC_se,0.02,0.02002849059733862,2.8490597338618612e-5,TRUE
Table 5,HCG-MI,LC_est,-0.1402,-0.1402214022140278,-2.1402214027799182e-5,TRUE
Table 5,HCG-MI,LC_p,0,1.3766126628386032e-8,1.3766126628386032e-8,TRUE
Table 5,HCG-LI,HC_est,0.1695,0.1694560669456102,-4.393305438982198e-5,TRUE
Table 5,HCG-LI,HC_se,0.0182,0.01819399713857306,-6.002861426941675e-6,TRUE
Table 5,HCG-LI,MC_est,0.0321,0.032085561497326685,-1.443850267331126e-5,TRUE
Table 5,HCG-LI,MC_se,0.0207,0.02073611246570146,3.611246570146137e-5,TRUE
Table 5,HCG-LI,LC_est,-0.0886,-0.0885608856088547,3.911439114530346e-5,TRUE
Table 5,HCG-LI,LC_p,0.002,0.0015130453847422543,-4.8695461525774574e-4,TRUE
Table 5,MCG-HI,HC_est,0.1276,0.1276150627615097,1.5062761509698763e-5,TRUE
Table 5,MCG-HI,HC_se,0.0165,0.016468084610260707,-3.191538973929334e-5,TRUE
Table 5,MCG-HI,MC_est,0.1497,0.1497326203208518,3.2620320851800555e-5,TRUE
Table 5,MCG-HI,MC_se,0.0253,0.025347722431492137,4.77224314921372e-5,TRUE
Table 5,MCG-HI,LC_est,-0.1292,-0.1291512915129158,4.870848708421471e-5,TRUE
Table 5,MCG-HI,LC_p,0,3.9102173907411154e-7,3.9102173907411154e-7,TRUE
Table 5,MCG-MI,HC_est,0.0502,0.050209205020917115,9.205020917113504e-6,TRUE
Table 5,MCG-MI,HC_se,0.0119,0.011881623264849992,-1.837673515000908e-5,TRUE
Table 5,MCG-MI,MC_est,0.0508,0.050802139037436266,2.139037436267588e-6,TRUE
Table 5,MCG-MI,MC_se,0.0217,0.02165088103317969,-4.911896682031208e-5,TRUE
Table 5,MCG-MI,LC_est,-0.0221,-0.02214022140221325,-4.0221402213248825e-5,TRUE
Table 5,MCG-MI,LC_p,0.477,0.47704146223681754,4.1462236817557674e-5,TRUE
Table 5,MCG-LI,HC_est,0.0335,0.03347280334728014,-2.7196652719864434e-5,TRUE
Table 5,MCG-LI,HC_se,0.0105,0.01047646612116484,-2.3533878835160088e-5,TRUE
Table 5,MCG-LI,MC_est,0.0053,0.005347593582888445,4.7593582888445264e-5,TRUE
Table 5,MCG-LI,MC_se,0.0193,0.01927008496764237,-2.991503235763235e-5,TRUE
Table 5,MCG-LI,LC_est,-0.048,-0.04797047970479712,2.952029520288113e-5,TRUE
Table 5,MCG-LI,LC_p,0.11,0.10966665294642956,-3.333470535704375e-4,TRUE
Table 5,LCG-HI,HC_est,0.0962,0.09623430962343002,3.430962343002608e-5,TRUE
Table 5,LCG-HI,HC_se,0.0149,0.014883310309169596,-1.6689690830403586e-5,TRUE
Table 5,LCG-HI,MC_est,0.0829,0.08288770053476262,-1.2299465237383678e-5,TRUE
Table 5,LCG-HI,MC_se,0.023,0.023040417660201595,4.0417660201595706e-5,TRUE
Table 5,LCG-HI,LC_est,0.0886,0.08856088560885299,-3.911439114701043e-5,TRUE
Table 5,LCG-HI,LC_p,0.011,0.01115097123925143,1.509712392514309e-4,TRUE
Table 5,LCG-MI,HC_est,0.0418,0.041841004184101256,4.100418410125928e-5,TRUE
Table 5,LCG-MI,HC_se,0.0112,0.011207652009923774,7.652009923773961e-6,TRUE
Table 5,LCG-MI,MC_est,0.0107,0.010695187165775269,-4.812834224730833e-6,TRUE
Table 5,LCG-MI,MC_se,0.0196,0.01957991009690602,-2.0089903093978984e-5,TRUE
Table 5,LCG-MI,LC_est,-0,7.253201926410201e-16,7.253201926410201e-16,TRUE
Table 5,LCG-MI,LC_p,1,0.999999999999982,-1.7985612998927536e-14,TRUE
Table 5,Constant,HC_est,0.0105,0.010460251046026523,-3.974895397347751e-5,TRUE
Table 5,Constant,HC_se,0.0047,0.004658311071841175,-4.1688928158824766e-5,TRUE
Table 5,Constant,MC_est,0.0722,0.07219251336898384,-7.486631016156986e-6,TRUE
Table 5,Constant,MC_se,0.0134,0.013400487604916723,4.876049167230195e-7,TRUE
Table 5,Constant,LC_est,0.1661,0.16605166051660675,-4.833948339325045e-5,TRUE
Table 5,Constant,LC_p,0,3.068201745527617e-13,3.068201745527617e-13,TRUE
Table 5 fit,HC,n,4302,4302,0,TRUE
Table 5 fit,MC,n,3366,3366,0,TRUE
Table 5 fit,LC,n,2439,2439,0,TRUE
Table 5 fit,HC,r2,0.05,0.050335034400658486,3.350344006584835e-4,TRUE
Table 5 fit,MC,r2,0.02,0.02223219136949977,0.002232191369499769,TRUE
Table 5 fit,LC,r2,0.058,0.05813169755313841,1.3169755313841014e-4,TRUE
Footnote F-tests,HC HCG-HI = MCG-HI,F,13.65,13.64629388816928,-0.0037061118307200047,TRUE
Footnote F-tests,HC HCG-HI = LCG-HI,F,26.67,26.670687633524786,6.876335247838483e-4,TRUE
Footnote F-tests,HC MCG-HI = LCG-HI,F,2.19,2.191692703547701,0.0016927035477012353,TRUE
Footnote F-tests,HC HCG-MI = MCG-MI,F,32.22,32.220566062106656,5.660621066567728e-4,TRUE
Footnote F-tests,HC HCG-MI = LCG-MI,F,38.39,38.390342052295544,3.4205229554373773e-4,TRUE
Footnote F-tests,HC MCG-MI = LCG-MI,F,0.31,0.31348065390586843,0.003480653905868436,TRUE
Footnote F-tests,HC HCG-LI = MCG-LI,F,46.53,46.53363042324265,0.003630423242647396,TRUE
Footnote F-tests,HC HCG-LI = LCG-LI,F,NA,86.74770629489818,NA,TRUE
Footnote F-tests,HC MCG-LI = LCG-LI,F,NA,10.208326366832896,NA,TRUE
Footnote F-tests,HC MCG-HI = MCG-MI,F,16.24,16.238853107206758,-0.0011468927932405393,TRUE
Footnote F-tests,HC MCG-MI = MCG-LI,F,1.35,1.3497214607829329,-2.785392170672196e-4,TRUE
Footnote F-tests,HC MCG-HI = MCG-LI,F,26.26,26.255810160646785,-0.004189839353216485,TRUE
Footnote F-tests,HC LCG-HI = LCG-MI,F,9.74,9.74116367591005,0.001163675910049733,TRUE
Footnote F-tests,HC LCG-HI = LCG-LI,F,NA,41.808135200076485,NA,TRUE
Footnote F-tests,HC LCG-MI = LCG-LI,F,NA,13.937180423672457,NA,TRUE
Footnote F-tests,MC MCG-HI = LCG-HI,F,5.49,5.487747463570964,-0.0022525364290357786,TRUE
Footnote F-tests,MC MCG-MI = LCG-MI,F,3.26,3.2628980210728673,0.002898021072867518,TRUE
Footnote F-tests,MC MCG-LI = LCG-LI,F,NA,0.07701042634459512,NA,FALSE
Footnote F-tests,MC LCG-HI = LCG-MI,F,9.39,9.389074962881669,-9.250371183320283e-4,TRUE
Footnote F-tests,MC LCG-HI = LCG-LI,F,NA,12.941943170740226,NA,TRUE
Footnote F-tests,MC LCG-MI = LCG-LI,F,NA,0.2983701629836576,NA,TRUE
Table 6,HCR-MCG,HI,27.4,27.40488841657811,0.004888416578111787,TRUE
Table 6,HCR-MCG,MI,34.87,34.87353878852285,0.0035387885228530536,TRUE
Table 6,HCR-MCG,LI,40.47,40.46758767268864,-0.0024123273113616506,TRUE
Table 6,HCR-MCG,mean,34.25,34.248671625929866,-0.0013283740701339752,TRUE
Table 6,HCR-MCG,sd,6.55,6.5537296398358444,0.0037296398358446226,TRUE
Table 6,HCR-LCG,HI,35.95,35.94594594594596,-0.004054054054044798,TRUE
Table 6,HCR-LCG,MI,36.56,36.55717255717256,-0.0028274428274457364,TRUE
Table 6,HCR-LCG,LI,49.33,49.334719334719345,0.004719334719347046,TRUE
Table 6,HCR-LCG,mean,40.61,40.61261261261262,0.002612612612622911,TRUE
Table 6,HCR-LCG,sd,7.56,7.559745944569327,-2.5405543067247294e-4,TRUE
Table 6,MCR-LCG,HI,22.56,22.562123039806984,0.0021230398069853607,TRUE
Table 6,MCR-LCG,MI,17.16,17.158021712907114,-0.001978287092885722,TRUE
Table 6,MCR-LCG,LI,0,0,0,TRUE
Table 6,MCR-LCG,mean,13.24,13.2400482509047,4.825090469928739e-5,TRUE
Table 6,MCR-LCG,sd,11.78,11.780290151459075,2.901514590760712e-4,TRUE
Table 6 unrestricted,HCR-MCG,HI,27.4,27.37777777778097,-0.022222222219028254,TRUE
Table 6 unrestricted,HCR-MCG,MI,34.87,34.84444444443403,-0.02555555556596545,TRUE
Table 6 unrestricted,HCR-MCG,LI,40.47,40.44444444444399,-0.025555555556010745,TRUE
Table 6 unrestricted,HCR-MCG,mean,34.25,34.22222222221966,-0.02777777778033652,TRUE
Table 6 unrestricted,HCR-MCG,sd,6.55,6.555517890661549,0.005517890661549174,TRUE
Table 6 unrestricted,HCR-LCG,HI,35.95,35.91304347826664,-0.03695652173336583,TRUE
Table 6 unrestricted,HCR-LCG,MI,36.56,36.521739130425026,-0.03826086957497665,TRUE
Table 6 unrestricted,HCR-LCG,LI,49.33,49.30434782608845,-0.025652173911545617,TRUE
Table 6 unrestricted,HCR-LCG,mean,40.61,40.57971014492671,-0.03028985507329196,TRUE
Table 6 unrestricted,HCR-LCG,sd,7.56,7.561884989861967,0.0018849898619670569,TRUE
Table 6 unrestricted,MCR-LCG,HI,22.56,22.58064516128704,0.020645161287042413,TRUE
Table 6 unrestricted,MCR-LCG,MI,17.16,13.548387096774755,-3.611612903225245,FALSE
Table 6 unrestricted,MCR-LCG,LI,0,1.8064516129034056,1.8064516129034056,FALSE
Table 6 unrestricted,MCR-LCG,mean,13.24,12.645161290321736,-0.5948387096782639,FALSE
Table 6 unrestricted,MCR-LCG,sd,11.78,10.4165081500236,-1.3634918499764002,FALSE
Table 3,Aggregate,responses,1123,1123,0,TRUE
Table 3,Aggregate,height_mean,63.2,63.2866184448463,0.08661844484629455,TRUE
Table 3,Aggregate,age_mean,25.1,25.10740072202166,0.007400722021657202,TRUE
Table 3,Aggregate,girl_working,192,192,0,TRUE
Table 3,Aggregate,education_below_bachelors,93,93,0,TRUE
Table 3,Aggregate,education_bachelors,632,632,0,TRUE
Table 3,Aggregate,education_above_bachelors,394,394,0,TRUE
Table 3,Aggregate,fair,379,379,0,TRUE
Table 3,Aggregate,medium_fair,318,318,0,TRUE
Table 3,Aggregate,very_fair,333,333,0,TRUE
Table 3,Aggregate,fairly_good_looking,644,644,0,TRUE
Table 3,Aggregate,medium_good_looking,239,239,0,TRUE
Table 3,Aggregate,very_good_looking,82,82,0,TRUE
Table 3,Aggregate,siblings_mean,2.14,2.13526119402985,-0.004738805970150306,TRUE
Table 3,Aggregate,unmarried_sisters_mean,1.13,1.1291184327693682,-8.815672306317079e-4,TRUE
Table 3,Aggregate,father_absent,77,77,0,TRUE
Table 3,Aggregate,own_house_or_apt,307,307,0,TRUE
Table 3,HC,responses,478,478,0,TRUE
Table 3,HC,height_mean,63.4,63.39102564102564,-0.008974358974356278,TRUE
Table 3,HC,age_mean,25.5,25.51068376068376,0.010683760683761534,TRUE
Table 3,HC,girl_working,89,89,0,TRUE
Table 3,HC,education_below_bachelors,24,24,0,TRUE
Table 3,HC,education_bachelors,267,267,0,TRUE
Table 3,HC,education_above_bachelors,185,185,0,TRUE
Table 3,HC,fair,168,168,0,TRUE
Table 3,HC,medium_fair,125,125,0,TRUE
Table 3,HC,very_fair,123,123,0,TRUE
Table 3,HC,fairly_good_looking,299,299,0,TRUE
Table 3,HC,medium_good_looking,73,73,0,TRUE
Table 3,HC,very_good_looking,36,36,0,TRUE
Table 3,HC,siblings_mean,2.19,2.197247706422018,0.007247706422018219,TRUE
Table 3,HC,unmarried_sisters_mean,1.15,1.1485355648535562,-0.0014644351464436767,TRUE
Table 3,HC,father_absent,24,24,0,TRUE
Table 3,HC,own_house_or_apt,116,116,0,TRUE
Table 3,MC,responses,374,374,0,TRUE
Table 3,MC,height_mean,62.9,62.981029810298104,0.08102981029810508,TRUE
Table 3,MC,age_mean,24.9,24.916216216216217,0.01621621621621827,TRUE
Table 3,MC,girl_working,52,52,0,TRUE
Table 3,MC,education_below_bachelors,37,37,0,TRUE
Table 3,MC,education_bachelors,205,205,0,TRUE
Table 3,MC,education_above_bachelors,131,131,0,TRUE
Table 3,MC,fair,130,130,0,TRUE
Table 3,MC,medium_fair,93,93,0,TRUE
Table 3,MC,very_fair,128,128,0,TRUE
Table 3,MC,fairly_good_looking,196,196,0,TRUE
Table 3,MC,medium_good_looking,100,100,0,TRUE
Table 3,MC,very_good_looking,22,22,0,TRUE
Table 3,MC,siblings_mean,2.16,2.1603260869565206,3.2608695652047714e-4,TRUE
Table 3,MC,unmarried_sisters_mean,1.12,1.1283422459893044,0.008342245989304331,TRUE
Table 3,MC,father_absent,25,25,0,TRUE
Table 3,MC,own_house_or_apt,111,111,0,TRUE
Table 3,LC,responses,271,271,0,TRUE
Table 3,LC,height_mean,63.5,63.52416356877323,0.02416356877323267,TRUE
Table 3,LC,age_mean,24.7,24.67037037037037,-0.02962962962962834,TRUE
Table 3,LC,girl_working,51,51,0,TRUE
Table 3,LC,education_below_bachelors,32,32,0,TRUE
Table 3,LC,education_bachelors,160,160,0,TRUE
Table 3,LC,education_above_bachelors,78,78,0,TRUE
Table 3,LC,fair,81,81,0,TRUE
Table 3,LC,medium_fair,100,100,0,TRUE
Table 3,LC,very_fair,82,82,0,TRUE
Table 3,LC,fairly_good_looking,149,149,0,TRUE
Table 3,LC,medium_good_looking,66,66,0,TRUE
Table 3,LC,very_good_looking,24,24,0,TRUE
Table 3,LC,siblings_mean,2,2,0,TRUE
Table 3,LC,unmarried_sisters_mean,1.1,1.095940959409594,-0.004059040590406182,TRUE
Table 3,LC,father_absent,28,28,0,TRUE
Table 3,LC,own_house_or_apt,80,80,0,TRUE
Table 2,Aggregate,ads,2777,2784,7,FALSE
Table 2,Aggregate,income_n,1261,1264,3,FALSE
Table 2,Aggregate,income_mean,15858,15867.4841772152,9.484177215199452,FALSE
Table 2,Aggregate,income_sd,9894,9908.580684410905,14.580684410904723,FALSE
Table 2,Aggregate,age_n,2776,2781,5,FALSE
Table 2,Aggregate,age_mean,32,31.89996580238141,-0.10003419761859078,TRUE
Table 2,Aggregate,height_n,2777,1469,-1308,FALSE
Table 2,Aggregate,height_mean,64.59,64.64193328795098,0.051933287950973295,TRUE
Table 2,Aggregate,height_sd,3.26,3.6714207494915527,0.41142074949155294,TRUE
Table 2,Aggregate,govt_job,2220,2224,4,FALSE
Table 2,Aggregate,po_box,1529,1553,24,FALSE
Table 2,Aggregate,caste_no_bar,104,105,1,FALSE
Table 2,Aggregate,looks_mentioned,1619,1621,2,FALSE
Table 2,Aggregate,education_not_mentioned,571,578,7,FALSE
Table 2,HC,ads,1368,1369,1,FALSE
Table 2,HC,income_n,527,527,0,TRUE
Table 2,HC,income_mean,17232,17231.49905123339,-0.5009487666102359,TRUE
Table 2,HC,income_sd,8376,8375.99742834702,-0.002571652979895589,TRUE
Table 2,HC,age_n,1368,1368,0,TRUE
Table 2,HC,age_mean,32,32.3163778482622,0.3163778482621993,TRUE
Table 2,HC,height_n,1368,101,-1267,FALSE
Table 2,HC,height_mean,64.41,60.6039603960396,-3.8060396039604,FALSE
Table 2,HC,height_sd,3.12,3.0399973944751744,-0.08000260552482574,TRUE
Table 2,HC,govt_job,1100,1100,0,TRUE
Table 2,HC,po_box,802,802,0,TRUE
Table 2,HC,caste_no_bar,45,45,0,TRUE
Table 2,HC,looks_mentioned,779,779,0,TRUE
Table 2,HC,education_not_mentioned,275,276,1,FALSE
Table 2,MC,ads,768,774,6,FALSE
Table 2,MC,income_n,375,378,3,FALSE
Table 2,MC,income_mean,16714,16737.433862433918,23.433862433917966,FALSE
Table 2,MC,income_sd,12317,12337.26996816952,20.269968169519416,FALSE
Table 2,MC,age_n,768,773,5,FALSE
Table 2,MC,age_mean,31,31.44760672703752,0.44760672703752036,TRUE
Table 2,MC,height_n,768,739,-29,FALSE
Table 2,MC,height_mean,65.33,65.61028416779432,0.28028416779432064,TRUE
Table 2,MC,height_sd,3.21,3.4483729795951765,0.23837297959517656,TRUE
Table 2,MC,govt_job,591,595,4,FALSE
Table 2,MC,po_box,381,405,24,FALSE
Table 2,MC,caste_no_bar,15,16,1,FALSE
Table 2,MC,looks_mentioned,406,408,2,FALSE
Table 2,MC,education_not_mentioned,196,202,6,FALSE
Table 2,LC,ads,641,641,0,TRUE
Table 2,LC,income_n,359,359,0,TRUE
Table 2,LC,income_mean,12949,12949.1643454039,0.16434540390037,TRUE
Table 2,LC,income_sd,8421,8421.840745013382,0.8407450133818202,FALSE
Table 2,LC,age_n,640,640,0,TRUE
Table 2,LC,age_mean,32,31.55625,-0.4437500000000014,TRUE
Table 2,LC,height_n,641,629,-12,FALSE
Table 2,LC,height_mean,64.08,64.15262321144675,0.07262321144675354,TRUE
Table 2,LC,height_sd,3.45,3.4781731083283662,0.02817310832836606,TRUE
Table 2,LC,govt_job,529,529,0,TRUE
Table 2,LC,po_box,346,346,0,TRUE
Table 2,LC,caste_no_bar,44,44,0,TRUE
Table 2,LC,looks_mentioned,434,434,0,TRUE
Table 2,LC,education_not_mentioned,100,100,0,TRUE
