sample,period,groom_income,n_own,n_lc,count_ratio,lower,upper,consideration_ratio,rate_ratio,rate_lower,rate_upper
retained,pooled,7000,86,5,0.05813953488372093,0.018411791940329894,0.14100685656154224,0.025,2.325581395348837,0.7364716776131958,5.6402742624616895
retained,pooled,7000,86,5,0.05813953488372093,0.018411791940329894,0.14100685656154224,0.025553798069830137,2.2751817449932363,0.7205109741423374,5.5180390866444515
retained,pooled,7000,86,5,0.05813953488372093,0.018411791940329894,0.14100685656154224,0.02611986383174618,2.2258743482827015,0.7048961686374542,5.398452973179822
retained,pooled,7000,86,5,0.05813953488372093,0.018411791940329894,0.14100685656154224,0.02669846903871607,2.1776355340604527,0.6896197648498319,5.28145851198677
retained,pooled,7000,86,5,0.05813953488372093,0.018411791940329894,0.14100685656154224,0.027289891463558497,2.1304421441674637,0.6746744289883323,5.16699953716692
retained,pooled,7000,86,5,0.05813953488372093,0.018411791940329894,0.14100685656154224,0.0278944150322942,2.084271522324847,0.6600529861986355,5.0550211000407925
retained,pooled,7000,86,5,0.05813953488372093,0.018411791940329894,0.14100685656154224,0.02851232996045121,2.039101503257185,0.6457484171187855,4.945469442768429
retained,pooled,7000,86,5,0.05813953488372093,0.018411791940329894,0.14100685656154224,0.029143932892389528,1.9949104020515755,0.6317538545093836,4.8382919725416995
retained,pooled,7000,86,5,0.05813953488372093,0.018411791940329894,0.14100685656154224,0.029789527043712113,1.9516770037472901,0.6180625799568108,4.7334372363359005
retained,pooled,7000,86,5,0.05813953488372093,0.018411791940329894,0.14100685656154224,0.030449422346830533,1.9093805531510402,0.604668020647898,4.630854896208551
retained,pooled,7000,86,5,0.05813953488372093,0.018411791940329894,0.14100685656154224,0.031123935599755227,1.868000744872964,0.5915637462144953,4.530495705133485
retained,pooled,7000,86,5,0.05813953488372093,0.018411791940329894,0.14100685656154224,0.031813390618181704,1.8275177135785565,0.5787434656464234,4.432311483358686
retained,pooled,7000,86,5,0.05813953488372093,0.018411791940329894,0.14100685656154224,0.03251811839094577,1.7879120244518545,0.5662010242713308,4.336255095276475
retained,pooled,7000,86,5,0.05813953488372093,0.018411791940329894,0.14100685656154224,0.03323845723892231,1.7491646638653071,0.5539304007999999,4.242280426794986
retained,pooled,7000,86,5,0.05813953488372093,0.018411791940329894,0.14100685656154224,0.03397475297744418,1.7112570302518384,0.5419257044356871,4.15034236320001
retained,pooled,7000,86,5,0.05813953488372093,0.018411791940329894,0.14100685656154224,0.034727359082318755,1.6741709251747379,0.5301811720461104,4.060396767496642
retained,pooled,7000,86,5,0.05813953488372093,0.018411791940329894,0.14100685656154224,0.0354966368595222,1.6378885445910807,0.5186911653967244,3.972400459220301
retained,pooled,7000,86,5,0.05813953488372093,0.018411791940329894,0.14100685656154224,0.03628295561865279,1.602392470304482,0.5074501684439549,3.8863111937069346
retained,pooled,7000,86,5,0.05813953488372093,0.018411791940329894,0.14100685656154224,0.0370866928502265,1.5676656616030906,0.49645278468709425,3.802087641812502
retained,pooled,7000,86,5,0.05813953488372093,0.018411791940329894,0.14100685656154224,0.03790823440690005,1.533691447078801,0.4856937345775878,3.71968937007196
retained,pooled,7000,86,5,0.05813953488372093,0.018411791940329894,0.14100685656154224,0.03874797468870843,1.500453516623758,0.47516785298446285,3.63907682128824
retained,pooled,7000,86,5,0.05813953488372093,0.018411791940329894,0.14100685656154224,0.03960631683240578,1.4679359136003105,0.4648700867146883,3.5602112955418974
retained,pooled,7000,86,5,0.05813953488372093,0.018411791940329894,0.14100685656154224,0.04048367290500048,1.4361230271806593,0.454795492087273,3.4830549316123265
retained,pooled,7000,86,5,0.05813953488372093,0.018411791940329894,0.14100685656154224,0.04138046410157744,1.4049995848525205,0.4449392325599371,3.407570688801603
retained,pooled,7000,86,5,0.05813953488372093,0.018411791940329894,0.14100685656154224,0.04229712094750259,1.3745506450871983,0.4352965764072178,3.3337223291522378
retained,pooled,7000,86,5,0.05813953488372093,0.018411791940329894,0.14100685656154224,0.043234083505106546,1.3447615901665602,0.4258628944488948,3.261474400050307
retained,pooled,7000,86,5,0.05813953488372093,0.018411791940329894,0.14100685656154224,0.04419180158494666,1.3156181191654646,0.41663365782764605,3.1907922172056074
retained,pooled,7000,86,5,0.05813953488372093,0.018411791940329894,0.14100685656154224,0.04517073496174905,1.2871062410862688,0.4076044358348641,3.121641848000658
retained,pooled,7000,86,5,0.05813953488372093,0.018411791940329894,0.14100685656154224,0.046171353595134086,1.2592122681421267,0.3987708937835922,3.0539900952005596
retained,pooled,7000,86,5,0.05813953488372093,0.018411791940329894,0.14100685656154224,0.047194137855231286,1.231922809185853,0.39012879092755837,2.987804481015902
retained,pooled,7000,86,5,0.05813953488372093,0.018411791940329894,0.14100685656154224,0.04823957875329227,1.2052247632811885,0.3816739784253054,2.9230532315110396
retained,pooled,7000,86,5,0.05813953488372093,0.018411791940329894,0.14100685656154224,0.049308178177411954,1.1791053134133966,0.3734023973484448,2.8597052613502845
retained,pooled,7000,86,5,0.05813953488372093,0.018411791940329894,0.14100685656154224,0.05040044913347162,1.1535519203361557,0.36531007673307364,2.797730158874669
retained,pooled,7000,86,5,0.05813953488372093,0.018411791940329894,0.14100685656154224,0.051516915991419165,1.128552316551807,0.35739313167342207,2.7370981715021303
retained,pooled,7000,86,5,0.05813953488372093,0.018411791940329894,0.14100685656154224,0.052658114737005136,1.1040945004220548,0.34964776145681364,2.6777801914440857
retained,pooled,7000,86,5,0.05813953488372093,0.018411791940329894,0.14100685656154224,0.05382459322909503,1.0801667304063052,0.3420702477390456,2.6197477417315733
retained,pooled,7000,86,5,0.05813953488372093,0.018411791940329894,0.14100685656154224,0.05501691146268163,1.0567575194248662,0.33465695275931195,2.562972962544221
retained,pooled,7000,86,5,0.05813953488372093,0.018411791940329894,0.14100685656154224,0.056235641837723574,1.0338556293443102,0.3274043175938117,2.5074285978354935
retained,pooled,7000,86,5,0.05813953488372093,0.018411791940329894,0.14100685656154224,0.05748136943393921,1.011450065582347,0.3203088604472054,2.453087982247799
retained,pooled,7000,86,5,0.05813953488372093,0.018411791940329894,0.14100685656154224,0.05875469229168755,0.9895300718296222,0.31336717498109923,2.3999250283111686
retained,pooled,7000,86,5,0.05813953488372093,0.018411791940329894,0.14100685656154224,0.06005622169907156,0.968085124885899,0.3065759286787522,2.347914213919357
retained,pooled,7000,86,5,0.05813953488372093,0.018411791940329894,0.14100685656154224,0.06138658248540103,0.9471049296081548,0.29993186124522553,2.2970305700773705
retained,pooled,7000,86,5,0.05813953488372093,0.018411791940329894,0.14100685656154224,0.0627464133211564,0.9265794139681582,0.29343178304220197,2.2472496689145185
retained,pooled,7000,86,5,0.05813953488372093,0.018411791940329894,0.14100685656154224,0.06413636702459721,0.9064987242171604,0.28707257355672655,2.198547611957255
retained,pooled,7000,86,5,0.05813953488372093,0.018411791940329894,0.14100685656154224,0.06555711087516278,0.8868532201553729,0.28085117990313174,2.150901018656157
retained,pooled,7000,86,5,0.05813953488372093,0.018411791940329894,0.14100685656154224,0.06700932693381499,0.8676334705039682,0.2747646153574292,2.1042870151615536
retained,pooled,7000,86,5,0.05813953488372093,0.018411791940329894,0.14100685656154224,0.06849371237047752,0.8488302483773752,0.2688099579234638,2.0586832233424053
retained,pooled,7000,86,5,0.05813953488372093,0.018411791940329894,0.14100685656154224,0.07001097979872836,0.8304345268536999,0.2629843489301419,2.014067750043164
retained,pooled,7000,86,5,0.05813953488372093,0.018411791940329894,0.14100685656154224,0.0715618576179065,0.8124374746411421,0.25728499165905977,1.9704191765734564
retained,pooled,7000,86,5,0.05813953488372093,0.018411791940329894,0.14100685656154224,0.07314709036279672,0.7948304518383308,0.2517091500018748,1.9277165484255492
retained,pooled,7000,86,5,0.05813953488372093,0.018411791940329894,0.14100685656154224,0.07476743906106102,0.7776050057865372,0.24625414714677285,1.8859393652146472
retained,pooled,7000,86,5,0.05813953488372093,0.018411791940329894,0.14100685656154224,0.07642368159858738,0.7607528670117821,0.2409173642934027,1.845067570837213
retained,pooled,7000,86,5,0.05813953488372093,0.018411791940329894,0.14100685656154224,0.0781166130929318,0.7442659452548839,0.23569623939566117,1.8050815438425725
retained,pooled,7000,86,5,0.05813953488372093,0.018411791940329894,0.14100685656154224,0.07984704627503313,0.7281363255875405,0.23058826593172255,1.7659620880131768
retained,pooled,7000,86,5,0.05813953488372093,0.018411791940329894,0.14100685656154224,0.08161581187938317,0.7123562646125862,0.22559099170072539,1.7276904231490189
retained,pooled,7000,86,5,0.05813953488372093,0.018411791940329894,0.14100685656154224,0.08342375904284005,0.6969181867465948,0.2207020176455368,1.690248176051764
retained,pooled,7000,86,5,0.05813953488372093,0.018411791940329894,0.14100685656154224,0.08527175571227602,0.6818146805830452,0.2159189967010292,1.6536173717042677
retained,pooled,7000,86,5,0.05813953488372093,0.018411791940329894,0.14100685656154224,0.08716068906125543,0.6670384953343037,0.2112396326673177,1.6177804246412555
retained,pooled,7000,86,5,0.05813953488372093,0.018411791940329894,0.14100685656154224,0.089091465915943,0.6525825373507161,0.20666167910741592,1.5827201305070113
retained,pooled,7000,86,5,0.05813953488372093,0.018411791940329894,0.14100685656154224,0.09106501319044645,0.6384398667151382,0.20218293826878245,1.548419657796032
retained,pooled,7000,86,5,0.05813953488372093,0.018411791940329894,0.14100685656154224,0.09308227833180346,0.6246036939112648,0.19780126002823814,1.5148625397726687
retained,pooled,7000,86,5,0.05813953488372093,0.018411791940329894,0.14100685656154224,0.09514422977482528,0.6110673765641684,0.19351454085975026,1.4820326665658918
retained,pooled,7000,86,5,0.05813953488372093,0.018411791940329894,0.14100685656154224,0.09725185740701621,0.5978244162514728,0.18932072282458617,1.4499142774353773
retained,pooled,7000,86,5,0.05813953488372093,0.018411791940329894,0.14100685656154224,0.09940617304379226,0.5848684553836332,0.18521779258335183,1.4184919532051925
retained,pooled,7000,86,5,0.05813953488372093,0.018411791940329894,0.14100685656154224,0.10160821091422637,0.5721932741518304,0.18120378042944188,1.3877506088614695
retained,pooled,7000,86,5,0.05813953488372093,0.018411791940329894,0.14100685656154224,0.10385902815755405,0.5597927875420066,0.1772767593434364,1.3576754863104918
retained,pooled,7000,86,5,0.05813953488372093,0.018411791940329894,0.14100685656154224,0.10615970533067753,0.5476610424136138,0.17343484406799065,1.3282521472937316
retained,pooled,7000,86,5,0.05813953488372093,0.018411791940329894,0.14100685656154224,0.10851134692691215,0.5357922146416709,0.16967619020277355,1.2994664664564293
retained,pooled,7000,86,5,0.05813953488372093,0.018411791940329894,0.14100685656154224,0.1109150819062239,0.5241806063207576,0.16599899331902068,1.2713046245663888
retained,pooled,7000,86,5,0.05813953488372093,0.018411791940329894,0.14100685656154224,0.11337206423721263,0.5128206430296038,0.16240148809327676,1.243753101879739
retained,pooled,7000,86,5,0.05813953488372093,0.018411791940329894,0.14100685656154224,0.1158834734511017,0.5017068711549585,0.1588819474599107,1.216798671650463
retained,pooled,7000,86,5,0.05813953488372093,0.018411791940329894,0.14100685656154224,0.11845051520799903,0.49083395527345697,0.15543868178199816,1.1904283937805953
retained,pooled,7000,86,5,0.05813953488372093,0.018411791940329894,0.14100685656154224,0.12107442187570203,0.48019667559022833,0.15207003804017244,1.164629608608029
retained,pooled,7000,86,5,0.05813953488372093,0.018411791940329894,0.14100685656154224,0.12375645312132456,0.4697899254330105,0.1487743990390538,1.1393899308289503
retained,pooled,7000,86,5,0.05813953488372093,0.018411791940329894,0.14100685656154224,0.1264978965160291,0.4596087088005753,0.14555018263087763,1.1146972435519877
retained,pooled,7000,86,5,0.05813953488372093,0.018411791940329894,0.14100685656154224,0.12930006815315506,0.449648137964282,0.1423958409559479,1.0905396924812178
retained,pooled,7000,86,5,0.05813953488372093,0.018411791940329894,0.14100685656154224,0.13216431328003997,0.43990343112160984,0.13930985969955115,1.0669056802252361
retained,pooled,7000,86,5,0.05813953488372093,0.018411791940329894,0.14100685656154224,0.13509200694383644,0.4303699101005438,0.13629075736497473,1.0437838607295609
retained,pooled,7000,86,5,0.05813953488372093,0.018411791940329894,0.14100685656154224,0.13808455465163555,0.421042998113709,0.13333708456227994,1.0211631338296971
retained,pooled,7000,86,5,0.05813953488372093,0.018411791940329894,0.14100685656154224,0.14114339304521273,0.41191821756117897,0.1304474233124891,0.9990326399222473
retained,pooled,7000,86,5,0.05813953488372093,0.018411791940329894,0.14100685656154224,0.14426999059072135,0.4029911878808991,0.12762038636685152,0.9773817547515042
retained,pooled,7000,86,5,0.05813953488372093,0.018411791940329894,0.14100685656154224,0.14746584828366352,0.39425762344569726,0.12485461654086304,0.9562000843090338
retained,pooled,7000,86,5,0.05813953488372093,0.018411791940329894,0.14100685656154224,0.15073250036947777,0.3857133315058692,0.12214878606271795,0.9354774598437903
retained,pooled,7000,86,5,0.05813953488372093,0.018411791940329894,0.14100685656154224,0.1540715150800893,0.37735421017635157,0.11950159593588144,0.915203932980371
retained,pooled,7000,86,5,0.05813953488372093,0.018411791940329894,0.14100685656154224,0.15748449538677564,0.3691762464675176,0.1169117753154764,0.8953697709430698
retained,pooled,7000,86,5,0.05813953488372093,0.018411791940329894,0.14100685656154224,0.16097307976971045,0.36117551435864853,0.11437808089818478,0.8759654518834324
retained,pooled,7000,86,5,0.05813953488372093,0.018411791940329894,0.14100685656154224,0.16453894300455357,0.35334817291315607,0.11189929632537114,0.856981660309073
retained,pooled,7000,86,5,0.05813953488372093,0.018411791940329894,0.14100685656154224,0.16818379696646607,0.34569046443465234,0.10947423159914148,0.838409282611555
retained,pooled,7000,86,5,0.05813953488372093,0.018411791940329894,0.14100685656154224,0.17190939145193543,0.3381987126629804,0.10710172251105718,0.8202394026911944
retained,pooled,7000,86,5,0.05813953488372093,0.018411791940329894,0.14100685656154224,0.17571751501880561,0.3308693210093412,0.10478063008323006,0.8024632976766797
retained,pooled,7000,86,5,0.05813953488372093,0.018411791940329894,0.14100685656154224,0.17960999584491616,0.32369877082966686,0.10250984002152928,0.7850724337374535
retained,pooled,7000,86,5,0.05813953488372093,0.018411791940329894,0.14100685656154224,0.1835887026057607,0.31668361973541503,0.100288262180639,0.7680584619868526
retained,pooled,7000,86,5,0.05813953488372093,0.018411791940329894,0.14100685656154224,0.18765554537158832,0.3098204999409703,0.09811483004070873,0.7514132144740293
retained,pooled,7000,86,5,0.05813953488372093,0.018411791940329894,0.14100685656154224,0.1918124765243766,0.3031061166468607,0.09598850019534584,0.7351287002627397
retained,pooled,7000,86,5,0.05813953488372093,0.018411791940329894,0.14100685656154224,0.19606149169511813,0.29653724645801305,0.09390825185070416,0.7191971015951077
retained,pooled,7000,86,5,0.05813953488372093,0.018411791940329894,0.14100685656154224,0.2004046307218691,0.2901107358362876,0.09187308633542825,0.7036107701385311
retained,pooled,7000,86,5,0.05813953488372093,0.018411791940329894,0.14100685656154224,0.20484397862902087,0.28382349958654884,0.08988202662121814,0.6883622233139216
retained,pooled,7000,86,5,0.05813953488372093,0.018411791940329894,0.14100685656154224,0.209381666628264,0.2776725193755469,0.0879341168537844,0.6734441407035205
retained,pooled,7000,86,5,0.05813953488372093,0.018411791940329894,0.14100685656154224,0.21401987314172596,0.27165484228289577,0.08602842189396792,0.6588493605365618
retained,pooled,7000,86,5,0.05813953488372093,0.018411791940329894,0.14100685656154224,0.21876082484777312,0.26576757938345635,0.08416402686880488,0.6445708762510987
retained,pooled,7000,86,5,0.05813953488372093,0.018411791940329894,0.14100685656154224,0.22360679774997894,0.2600079043604407,0.0823400367323208,0.6306018331303416
retained,pooled,7000,86,5,0.05813953488372093,0.018411791940329894,0.14100685656154224,0.2285601182697725,0.25437305214857336,0.08055557583584295,0.6169355250118921
retained,pooled,7000,86,5,0.05813953488372093,0.018411791940329894,0.14100685656154224,0.2336231643632904,0.24886031760665808,0.07880978750762513,0.6035653910682963
retained,pooled,7000,86,5,0.05813953488372093,0.018411791940329894,0.14100685656154224,0.23879836666297036,0.24346705421891157,0.07710183364158223,0.5904850126573654
retained,pooled,7000,86,5,0.05813953488372093,0.018411791940329894,0.14100685656154224,0.24408820964443204,0.23819067282444287,0.07543089429493831,0.5776881102407594
retained,pooled,7000,86,5,0.05813953488372093,0.018411791940329894,0.14100685656154224,0.24949523281920724,0.23302864037426646,0.07379616729459398,0.5651685403693489
retained,pooled,7000,86,5,0.05813953488372093,0.018411791940329894,0.14100685656154224,0.2550220319538913,0.22797847871525362,0.07219686785202464,0.5529202927339105
retained,pooled,7000,86,5,0.05813953488372093,0.018411791940329894,0.14100685656154224,0.2606712603163002,0.2230377634004379,0.07063222818652469,0.5409374872797392
retained,pooled,7000,86,5,0.05813953488372093,0.018411791940329894,0.14100685656154224,0.2664456299492345,0.21820412252510268,0.06910149715661641,0.5292143713837907
retained,pooled,7000,86,5,0.05813953488372093,0.018411791940329894,0.14100685656154224,0.2723479129724569,0.21347523558809386,0.06760393989944735,0.5177453170930029
retained,pooled,7000,86,5,0.05813953488372093,0.018411791940329894,0.14100685656154224,0.27838094291351345,0.20884883237780952,0.06613883747800227,0.5065248184224659
retained,pooled,7000,86,5,0.05813953488372093,0.018411791940329894,0.14100685656154224,0.28454761606803347,0.2043226918823321,0.06470548653596084,0.4955474887121473
retained,pooled,7000,86,5,0.05813953488372093,0.018411791940329894,0.14100685656154224,0.2908508928901632,0.1998946412231807,0.06330319896003522,0.48480805804090144
retained,pooled,7000,86,5,0.05813953488372093,0.018411791940329894,0.14100685656154224,0.29729379941380096,0.19556255461216987,0.061931301549625194,0.47430137069652056
retained,pooled,7000,86,5,0.05813953488372093,0.018411791940329894,0.14100685656154224,0.3038794287053142,0.19132435233087627,0.06058913569363279,0.46402238270061724
retained,pooled,7000,86,5,0.05813953488372093,0.018411791940329894,0.14100685656154224,0.3106109423484377,0.18717799973222146,0.05927605705428072,0.4539661593871452
retained,pooled,7000,86,5,0.05813953488372093,0.018411791940329894,0.14100685656154224,0.31749157196206523,0.18312150626369258,0.057991435257783115,0.4441278730333986
retained,pooled,7000,86,5,0.05813953488372093,0.018411791940329894,0.14100685656154224,0.32452462075166233,0.17915292451173173,0.05673465359172007,0.43450280054235285
retained,pooled,7000,86,5,0.05813953488372093,0.018411791940329894,0.14100685656154224,0.33171346509504746,0.17527034926683463,0.055505108708970484,0.4250863211752314
retained,pooled,7000,86,5,0.05813953488372093,0.018411791940329894,0.14100685656154224,0.33906155616329964,0.17147191660891106,0.05430221033806134,0.41587391433321386
retained,pooled,7000,86,5,0.05813953488372093,0.018411791940329894,0.14100685656154224,0.3465724215775731,0.16775580301246673,0.053125380999794275,0.406861157387218
retained,pooled,7000,86,5,0.05813953488372093,0.018411791940329894,0.14100685656154224,0.35424966710261396,0.16412022447117755,0.051974055730013236,0.39804372355471374
retained,pooled,7000,86,5,0.05813953488372093,0.018411791940329894,0.14100685656154224,0.3620969783777898,0.16056343564143663,0.05084768180838051,0.3894173798225522
retained,pooled,7000,86,5,0.05813953488372093,0.018411791940329894,0.14100685656154224,0.3701181226864676,0.15708372900446102,0.04974571849303037,0.3809779849148084
retained,pooled,7000,86,5,0.05813953488372093,0.018411791940329894,0.14100685656154224,0.3783169507645844,0.15367943404655815,0.048667636760973514,0.37272148730466664
retained,pooled,7000,86,5,0.05813953488372093,0.018411791940329894,0.14100685656154224,0.3866973986492824,0.1503489164571571,0.047612919054127345,0.36464392326939155
retained,pooled,7000,86,5,0.05813953488372093,0.018411791940329894,0.14100685656154224,0.39526348956849483,0.14709057734421987,0.046581059030850185,0.35674141498745054
retained,pooled,7000,86,5,0.05813953488372093,0.018411791940329894,0.14100685656154224,0.4040193358723891,0.14390285246665646,0.04557156132286035,0.3490101686768768
retained,pooled,7000,86,5,0.05813953488372093,0.018411791940329894,0.14100685656154224,0.4129691410075964,0.14078421148337444,0.04458394129742303,0.34144647277397533
retained,pooled,7000,86,5,0.05813953488372093,0.018411791940329894,0.14100685656154224,0.42211720153517307,0.1377331572186035,0.043617724824691194,0.3340466961515019
retained,pooled,7000,86,5,0.05813953488372093,0.018411791940329894,0.14100685656154224,0.43146790919326417,0.13474822494314154,0.04267244805008856,0.3268072863754558
retained,pooled,7000,86,5,0.05813953488372093,0.018411791940329894,0.14100685656154224,0.4410257530054594,0.13182798167117746,0.04174765717162548,0.3197247679996518
retained,pooled,7000,86,5,0.05813953488372093,0.018411791940329894,0.14100685656154224,0.4507953214358516,0.12897102547235334,0.040842908222040855,0.3127957408972524
retained,pooled,7000,86,5,0.05813953488372093,0.018411791940329894,0.14100685656154224,0.4607813045918368,0.1261759847987351,0.03995776685566526,0.3060168786284571
retained,pooled,7000,86,5,0.05813953488372093,0.018411791940329894,0.14100685656154224,0.4709884964757077,0.12344151782636927,0.03909180813990332,0.2993849268435689
retained,pooled,7000,86,5,0.05813953488372093,0.018411791940329894,0.14100685656154224,0.4814217972861255,0.12076631181110939,0.038244616351234995,0.2928967017206681
retained,pooled,7000,86,5,0.05813953488372093,0.018411791940329894,0.14100685656154224,0.49208621577057415,0.11814908245840275,0.03741578477563786,0.28654908843714494
retained,pooled,7000,86,5,0.05813953488372093,0.018411791940329894,0.14100685656154224,0.5029868716299246,0.11558857330673517,0.036604915513334654,0.2803390396743572
retained,pooled,7000,86,5,0.05813953488372093,0.018411791940329894,0.14100685656154224,0.5141289979762667,0.11308355512443743,0.03581161928777225,0.2742635741546938
retained,pooled,7000,86,5,0.05813953488372093,0.018411791940329894,0.14100685656154224,0.525517943845185,0.11063282531956425,0.03503551525874046,0.26831977521034406
retained,pooled,7000,86,5,0.05813953488372093,0.018411791940329894,0.14100685656154224,0.5371591767636876,0.10823520736256219,0.034276230839540865,0.2625047893830833
retained,pooled,7000,86,5,0.05813953488372093,0.018411791940329894,0.14100685656154224,0.5490582853750189,0.10588955022144934,0.03353340151811794,0.25681582505440465
retained,pooled,7000,86,5,0.05813953488372093,0.018411791940329894,0.14100685656154224,0.5612209821216161,0.10359472780923601,0.032806670682066684,0.251250151105338
retained,pooled,7000,86,5,0.05813953488372093,0.018411791940329894,0.14100685656154224,0.5736531059875011,0.10134963844332029,0.03209568944743246,0.24580509560531263
retained,pooled,7000,86,5,0.05813953488372093,0.018411791940329894,0.14100685656154224,0.5863606253014186,0.09915320431660006,0.03140011649122128,0.24047804452943558
retained,pooled,7000,86,5,0.05813953488372093,0.018411791940329894,0.14100685656154224,0.5993496406020714,0.09700437098004659,0.030719617887539716,0.23526644050356824
retained,pooled,7000,86,5,0.05813953488372093,0.018411791940329894,0.14100685656154224,0.6126263875668242,0.09490210683649204,0.030053866947286154,0.23016778157659992
retained,pooled,7000,86,5,0.05813953488372093,0.018411791940329894,0.14100685656154224,0.6261972400052849,0.09284540264538735,0.029402544061316056,0.22517962001932842
retained,pooled,7000,86,5,0.05813953488372093,0.018411791940329894,0.14100685656154224,0.6400687129192003,0.09083327103829278,0.028765336547006203,0.2202995611493705
retained,pooled,7000,86,5,0.05813953488372093,0.018411791940329894,0.14100685656154224,0.6542474656301328,0.08886474604486903,0.028141938498144177,0.21552526218153967
retained,pooled,7000,86,5,0.05813953488372093,0.018411791940329894,0.14100685656154224,0.6687403049764219,0.08693888262914075,0.027532050638071005,0.2108544311031377
retained,pooled,7000,86,5,0.05813953488372093,0.018411791940329894,0.14100685656154224,0.6835541885809645,0.08505475623581013,0.02693538017600646,0.2062848255736209
retained,pooled,7000,86,5,0.05813953488372093,0.018411791940329894,0.14100685656154224,0.6986962281913823,0.08321146234640289,0.02635164066648812,0.20181425184811297
retained,pooled,7000,86,5,0.05813953488372093,0.018411791940329894,0.14100685656154224,0.7141736930941817,0.08140811604503301,0.025780551871856527,0.1974405637242465
retained,pooled,7000,86,5,0.05813953488372093,0.018411791940329894,0.14100685656154224,0.7299940136045424,0.07964385159357854,0.02522183962772065,0.19316166151182917
retained,pooled,7000,86,5,0.05813953488372093,0.018411791940329894,0.14100685656154224,0.7461647846334124,0.07791782201606397,0.024675235711338922,0.18897549102483885
retained,pooled,7000,86,5,0.05813953488372093,0.018411791940329894,0.14100685656154224,0.7626937693336209,0.07622919869204973,0.0241404777128527,0.18488004259526394
retained,pooled,7000,86,5,0.05813953488372093,0.018411791940329894,0.14100685656154224,0.7795889028267581,0.07457717095883395,0.023617308909310377,0.18087335010831612
retained,pooled,7000,86,5,0.05813953488372093,0.018411791940329894,0.14100685656154224,0.7968582960126162,0.07296094572227488,0.023105478141421512,0.17695349005855085
retained,pooled,7000,86,5,0.05813953488372093,0.018411791940329894,0.14100685656154224,0.8145102394630129,0.07137974707604773,0.022604739692982063,0.17311858062644453
retained,pooled,7000,86,5,0.05813953488372093,0.018411791940329894,0.14100685656154224,0.8325532074018729,0.069832815929153,0.02211485317291263,0.16936678077498335
retained,pooled,7000,86,5,0.05813953488372093,0.018411791940329894,0.14100685656154224,0.8509958617734752,0.06831940964149714,0.021635583399853112,0.16569628936583075
retained,pooled,7000,86,5,0.05813953488372093,0.018411791940329894,0.14100685656154224,0.8698470564008185,0.06683880166737116,0.02116670028925854,0.16210534429464968
retained,pooled,7000,86,5,0.05813953488372093,0.018411791940329894,0.14100685656154224,0.8891158412361065,0.06539028120665534,0.020707978742941557,0.1585922216451631
retained,pooled,7000,86,5,0.05813953488372093,0.018411791940329894,0.14100685656154224,0.9088114667053847,0.06397315286358331,0.020259198541008907,0.15515523486154842
retained,pooled,7000,86,5,0.05813953488372093,0.018411791940329894,0.14100685656154224,0.9289433881494226,0.0625867363129012,0.019820144236139734,0.1517927339387672
retained,pooled,7000,86,5,0.05813953488372093,0.018411791940329894,0.14100685656154224,0.9495212703629673,0.06123036597326178,0.019390605050155156,0.14850310463044233
retained,pooled,7000,86,5,0.05813953488372093,0.018411791940329894,0.14100685656154224,0.9705549922345541,0.0599033906876967,0.01897037477282927,0.14528476767390128
retained,pooled,7000,86,5,0.05813953488372093,0.018411791940329894,0.14100685656154224,0.9920546514890941,0.058605173411013504,0.01855925166289319,0.14213617803201475
retained,pooled,7000,86,5,0.05813953488372093,0.018411791940329894,0.14100685656154224,1.014030569535521,0.0573350909039674,0.01815703835118448,0.13905582415146592
retained,pooled,7000,86,5,0.05813953488372093,0.018411791940329894,0.14100685656154224,1.0364932964218223,0.05609253343406077,0.017763541745895513,0.13604222723709405
retained,pooled,7000,86,5,0.05813953488372093,0.018411791940329894,0.14100685656154224,1.0594536158998336,0.054876904482827074,0.017378572939875308,0.13309394054196497
retained,pooled,7000,86,5,0.05813953488372093,0.018411791940329894,0.14100685656154224,1.082922550602229,0.053687620459458234,0.017001947119940228,0.1302095486728264
retained,pooled,7000,86,5,0.05813953488372093,0.018411791940329894,0.14100685656154224,1.1069113673341908,0.052524110420638453,0.016633483478150187,0.12738766691061584
retained,pooled,7000,86,5,0.05813953488372093,0.018411791940329894,0.14100685656154224,1.1314315824822994,0.05138581579644962,0.01627300512500758,0.12462694054569422
retained,pooled,7000,86,5,0.05813953488372093,0.018411791940329894,0.14100685656154224,1.156494967543242,0.0502721901222169,0.0159203390045374,0.12192604422748593
retained,pooled,7000,86,5,0.05813953488372093,0.018411791940329894,0.14100685656154224,1.1821135547749906,0.049182698776165795,0.015575315811207737,0.11928368132821401
retained,pooled,7000,86,5,0.05813953488372093,0.018411791940329894,0.14100685656154224,1.2082996429731678,0.04811681872276446,0.015237769908650677,0.11669858332042354
retained,pooled,7000,86,5,0.05813953488372093,0.018411791940329894,0.14100685656154224,1.2350658033753672,0.04707403826162846,0.01490753925014479,0.11416950916799593
retained,pooled,7000,86,5,0.05813953488372093,0.018411791940329894,0.14100685656154224,1.2624248856962665,0.0460538567818672,0.014584465300820824,0.1116952447303608
retained,pooled,7000,86,5,0.05813953488372093,0.018411791940329894,0.14100685656154224,1.2903900242964321,0.04505578452175398,0.01426839296155337,0.10927460217961957
retained,pooled,7000,86,5,0.05813953488372093,0.018411791940329894,0.14100685656154224,1.3189746444877692,0.04407934233360469,0.01395917049450197,0.10690641943030148
retained,pooled,7000,86,5,0.05813953488372093,0.018411791940329894,0.14100685656154224,1.348192468978658,0.043124061453751736,0.01365664945026581,0.10458955958147723
retained,pooled,7000,86,5,0.05813953488372093,0.018411791940329894,0.14100685656154224,1.378057524461855,0.042189483277503236,0.01336068459661717,0.10232291037096351
retained,pooled,7000,86,5,0.05813953488372093,0.018411791940329894,0.14100685656154224,1.4085841483483297,0.0412751591389793,0.013071133848779356,0.10010538364135599
retained,pooled,7000,86,5,0.05813953488372093,0.018411791940329894,0.14100685656154224,1.439786995650275,0.04038065009571948,0.01278785820121557,0.09793591481763382
retained,pooled,7000,86,5,0.05813953488372093,0.018411791940329894,0.14100685656154224,1.4716810460165812,0.039505526717958345,0.012510721660896115,0.09581346239608601
retained,pooled,7000,86,5,0.05813953488372093,0.018411791940329894,0.14100685656154224,1.5042816109241643,0.0386493688824678,0.01223959118201179,0.09373700744431346
retained,pooled,7000,86,5,0.05813953488372093,0.018411791940329894,0.14100685656154224,1.5376043410285951,0.03781176557086716,0.01197433660210217,0.09170555311206677
retained,pooled,7000,86,5,0.05813953488372093,0.018411791940329894,0.14100685656154224,1.571665233677558,0.03699231467230432,0.011714830579568096,0.08971812415268526
retained,pooled,7000,86,5,0.05813953488372093,0.018411791940329894,0.14100685656154224,1.6064806405907486,0.03619062279041307,0.011460948532538403,0.08777376645490731
retained,pooled,7000,86,5,0.05813953488372093,0.018411791940329894,0.14100685656154224,1.6420672757098942,0.03540630505445412,0.011212568579061511,0.08587154658482707
retained,pooled,7000,86,5,0.05813953488372093,0.018411791940329894,0.14100685656154224,1.6784422232226706,0.03463898493454895,0.010969571478593156,0.0840105513377779
retained,pooled,7000,86,5,0.05813953488372093,0.018411791940329894,0.14100685656154224,1.7156229457643553,0.03388829406091805,0.010731840574752254,0.08218988729992766
retained,pooled,7000,86,5,0.05813953488372093,0.018411791940329894,0.14100685656154224,1.753627292801179,0.03315387204703629,0.010499261739317244,0.08040868041937414
retained,pooled,7000,86,5,0.05813953488372093,0.018411791940329894,0.14100685656154224,1.7924735091993687,0.03243536631662116,0.010271723317436227,0.07866607558653671
retained,pooled,7000,86,5,0.05813953488372093,0.018411791940329894,0.14100685656154224,1.8321802439840191,0.031732431934370336,0.010049116074024476,0.07696123622364097
retained,pooled,7000,86,5,0.05813953488372093,0.018411791940329894,0.14100685656154224,1.8727665592919895,0.03104473144036752,0.009831333141323595,0.07529334388310026
retained,pooled,7000,86,5,0.05813953488372093,0.018411791940329894,0.14100685656154224,1.9142519395231228,0.03037193468807696,0.009618269967597175,0.07366159785460098
retained,pooled,7000,86,5,0.05813953488372093,0.018411791940329894,0.14100685656154224,1.9566563006941826,0.02971371868584901,0.009409824266938326,0.07206521478070309
retained,pooled,7000,86,5,0.05813953488372093,0.018411791940329894,0.14100685656154224,2,0.029069767441860465,0.009205895970164947,0.07050342828077112
retained,pooled,15000,85,25,0.29411764705882354,0.1803602749433736,0.46403270286403114,0.025,11.76470588235294,7.2144109977349435,18.561308114561246
retained,pooled,15000,85,25,0.29411764705882354,0.1803602749433736,0.46403270286403114,0.025553798069830137,11.509742945259903,7.058061367257744,18.159050235741166
retained,pooled,15000,85,25,0.29411764705882354,0.1803602749433736,0.46403270286403114,0.02611986383174618,11.260305526606608,6.905100122465533,17.765510029192576
retained,pooled,15000,85,25,0.29411764705882354,0.1803602749433736,0.46403270286403114,0.02669846903871607,11.016273878188173,6.755453830773178,17.38049856683267
retained,pooled,15000,85,25,0.29411764705882354,0.1803602749433736,0.46403270286403114,0.027289891463558497,10.777530846964817,6.609050651015499,17.003831014999687
retained,pooled,15000,85,25,0.29411764705882354,0.1803602749433736,0.46403270286403114,0.0278944150322942,10.543961818819815,6.465820298958236,16.635326545719156
retained,pooled,15000,85,25,0.29411764705882354,0.1803602749433736,0.46403270286403114,0.02851232996045121,10.315454663536347,6.3256940135564905,16.274808249893294
retained,pooled,15000,85,25,0.29411764705882354,0.1803602749433736,0.46403270286403114,0.029143932892389528,10.091899680966794,6.188604523944392,15.922103052371694
retained,pooled,15000,85,25,0.29411764705882354,0.1803602749433736,0.46403270286403114,0.029789527043712113,9.873189548368645,6.054486017140158,15.577041628862577
retained,pooled,15000,85,25,0.29411764705882354,0.1803602749433736,0.46403270286403114,0.030449422346830533,9.659219268881733,5.923274106451061,15.239458324644772
retained,pooled,15000,85,25,0.29411764705882354,0.1803602749433736,0.46403270286403114,0.031123935599755227,9.449886121122054,5.794905800563089,14.90919107504131
retained,pooled,15000,85,25,0.29411764705882354,0.1803602749433736,0.46403270286403114,0.031813390618181704,9.245089609867993,5.669319473300519,14.586081327616533
retained,pooled,15000,85,25,0.29411764705882354,0.1803602749433736,0.46403270286403114,0.03251811839094577,9.044731417815264,5.546454834040843,14.269973966059329
retained,pooled,15000,85,25,0.29411764705882354,0.1803602749433736,0.46403270286403114,0.03323845723892231,8.848715358377437,5.426252898770864,13.960717235715975
retained,pooled,15000,85,25,0.29411764705882354,0.1803602749433736,0.46403270286403114,0.03397475297744418,8.6569473295093,5.308655961770044,13.658162670736774
retained,pooled,15000,85,25,0.29411764705882354,0.1803602749433736,0.46403270286403114,0.034727359082318755,8.469335268531028,5.193607567907548,13.3621650228016
retained,pooled,15000,85,25,0.29411764705882354,0.1803602749433736,0.46403270286403114,0.0354966368595222,8.28578910793135,5.081052485539648,13.072582191390094
retained,pooled,15000,85,25,0.29411764705882354,0.1803602749433736,0.46403270286403114,0.03628295561865279,8.106220732128557,4.970936679994497,12.789275155563002
retained,pooled,15000,85,25,0.29411764705882354,0.1803602749433736,0.46403270286403114,0.0370866928502265,7.930543935168576,4.863207287631528,12.512107907221962
retained,pooled,15000,85,25,0.29411764705882354,0.1803602749433736,0.46403270286403114,0.03790823440690005,7.758674379339817,4.757812590463049,12.24094738581568
retained,pooled,15000,85,25,0.29411764705882354,0.1803602749433736,0.46403270286403114,0.03874797468870843,7.5905295546848945,4.65470199132582,11.975663414461122
retained,pooled,15000,85,25,0.29411764705882354,0.1803602749433736,0.46403270286403114,0.03960631683240578,7.426028739389806,4.553825989590714,11.716128637449087
retained,pooled,15000,85,25,0.29411764705882354,0.1803602749433736,0.46403270286403114,0.04048367290500048,7.265092961031571,4.455136157398796,11.462218459104152
retained,pooled,15000,85,25,0.29411764705882354,0.1803602749433736,0.46403270286403114,0.04138046410157744,7.107644958665692,4.358585116412413,11.213810983969656
retained,pooled,15000,85,25,0.29411764705882354,0.1803602749433736,0.46403270286403114,0.04229712094750259,6.953609145735238,4.26412651507012,10.970786958288935
retained,pooled,15000,85,25,0.29411764705882354,0.1803602749433736,0.46403270286403114,0.043234083505106546,6.802911573783775,4.17171500633454,10.733029712754808
retained,pooled,15000,85,25,0.29411764705882354,0.1803602749433736,0.46403270286403114,0.04419180158494666,6.655479896954704,4.081306225922477,10.50042510649979
retained,pooled,15000,85,25,0.29411764705882354,0.1803602749433736,0.46403270286403114,0.04517073496174905,6.511243337259948,3.9928567710068066,10.272861472300104
retained,pooled,15000,85,25,0.29411764705882354,0.1803602749433736,0.46403270286403114,0.046171353595134086,6.370132650601347,3.9063241793799484,10.050229562967257
retained,pooled,15000,85,25,0.29411764705882354,0.1803602749433736,0.46403270286403114,0.047194137855231286,6.232080093528433,3.821666909068906,9.832422498901417
retained,pooled,15000,85,25,0.29411764705882354,0.1803602749433736,0.46403270286403114,0.04823957875329227,6.097019390716602,3.7388443183920694,9.619335716781352
retained,pooled,15000,85,25,0.29411764705882354,0.1803602749433736,0.46403270286403114,0.049308178177411954,5.964885703150125,3.657816646448246,9.410866919366415
retained,pooled,15000,85,25,0.29411764705882354,0.1803602749433736,0.46403270286403114,0.05040044913347162,5.83561559699467,3.5785449940285132,9.206916026386374
retained,pooled,15000,85,25,0.29411764705882354,0.1803602749433736,0.46403270286403114,0.051516915991419165,5.7091470131444355,3.50099130494176,9.007385126495578
retained,pooled,15000,85,25,0.29411764705882354,0.1803602749433736,0.46403270286403114,0.052658114737005136,5.585419237429218,3.4251183477449225,8.812178430268322
retained,pooled,15000,85,25,0.29411764705882354,0.1803602749433736,0.46403270286403114,0.05382459322909503,5.464372871467191,3.3508896978691767,8.621202224212945
retained,pooled,15000,85,25,0.29411764705882354,0.1803602749433736,0.46403270286403114,0.05501691146268163,5.345949804149323,3.2782697201334767,8.434364825782485
retained,pooled,15000,85,25,0.29411764705882354,0.1803602749433736,0.46403270286403114,0.056235641837723574,5.230093183741805,3.2072235516370626,8.251576539360348
retained,pooled,15000,85,25,0.29411764705882354,0.1803602749433736,0.46403270286403114,0.05748136943393921,5.11674739059305,3.1377170850227163,8.072749613199862
retained,pooled,15000,85,25,0.29411764705882354,0.1803602749433736,0.46403270286403114,0.05875469229168755,5.005858010432206,3.069716952102742,7.897798197297021
retained,pooled,15000,85,25,0.29411764705882354,0.1803602749433736,0.46403270286403114,0.06005622169907156,4.897371808246313,3.0031905078397876,7.72663830217619
retained,pooled,15000,85,25,0.29411764705882354,0.1803602749433736,0.46403270286403114,0.06138658248540103,4.791236702723607,2.9381058146748424,7.559187758569025
retained,pooled,15000,85,25,0.29411764705882354,0.1803602749433736,0.46403270286403114,0.0627464133211564,4.687401741250683,2.8744316271948724,7.395366177967209
retained,pooled,15000,85,25,0.29411764705882354,0.1803602749433736,0.46403270286403114,0.06413636702459721,4.5858170754515175,2.8121373771327405,7.235094914030101
retained,pooled,15000,85,25,0.29411764705882354,0.1803602749433736,0.46403270286403114,0.06555711087516278,4.486433937256593,2.751193158692196,7.078297024828719
retained,pooled,15000,85,25,0.29411764705882354,0.1803602749433736,0.46403270286403114,0.06700932693381499,4.389204615490662,2.691569714190909,6.924897235908003
retained,pooled,15000,85,25,0.29411764705882354,0.1803602749433736,0.46403270286403114,0.06849371237047752,4.294082432967898,2.633238420014642,6.774821904149565
retained,pooled,15000,85,25,0.29411764705882354,0.1803602749433736,0.46403270286403114,0.07001097979872836,4.201021724083423,2.5761712728758233,6.627998982417606
retained,pooled,15000,85,25,0.29411764705882354,0.1803602749433736,0.46403270286403114,0.0715618576179065,4.109977812890484,2.5203408763699158,6.48435798497102
retained,pooled,15000,85,25,0.29411764705882354,0.1803602749433736,0.46403270286403114,0.07314709036279672,4.0209069916527325,2.4657204278231477,6.343829953625092
retained,pooled,15000,85,25,0.29411764705882354,0.1803602749433736,0.46403270286403114,0.07476743906106102,3.9337664998613064,2.41228370542526,6.206347424646513
retained,pooled,15000,85,25,0.29411764705882354,0.1803602749433736,0.46403270286403114,0.07642368159858738,3.848514503706663,2.3600050556411216,6.071844396365855
retained,pooled,15000,85,25,0.29411764705882354,0.1803602749433736,0.46403270286403114,0.0781166130929318,3.7651100759952953,2.308859380895164,5.9402562974919615
retained,pooled,15000,85,25,0.29411764705882354,0.1803602749433736,0.46403270286403114,0.07984704627503313,3.6835131765016755,2.258822127522697,5.811519956112974
retained,pooled,15000,85,25,0.29411764705882354,0.1803602749433736,0.46403270286403114,0.08161581187938317,3.603684632746024,2.209869273982363,5.685573569369217
retained,pooled,15000,85,25,0.29411764705882354,0.1803602749433736,0.46403270286403114,0.08342375904284005,3.525586121188656,2.1619773193240355,5.562356673783299
retained,pooled,15000,85,25,0.29411764705882354,0.1803602749433736,0.46403270286403114,0.08527175571227602,3.4491801488318754,2.115123271906647,5.441810116233215
retained,pooled,15000,85,25,0.29411764705882354,0.1803602749433736,0.46403270286403114,0.08716068906125543,3.3744300352205956,2.069284638360519,5.323876025554535
retained,pooled,15000,85,25,0.29411764705882354,0.1803602749433736,0.46403270286403114,0.089091465915943,3.301299894833035,2.024439412788896,5.2084977847579905
retained,pooled,15000,85,25,0.29411764705882354,0.1803602749433736,0.46403270286403114,0.09106501319044645,3.229754619853052,1.9805660662035134,5.09562000384921
retained,pooled,15000,85,25,0.29411764705882354,0.1803602749433736,0.46403270286403114,0.09308227833180346,3.1597598633158106,1.9376435361890987,4.985188493237438
retained,pooled,15000,85,25,0.29411764705882354,0.1803602749433736,0.46403270286403114,0.09514422977482528,3.0912820226187345,1.8956512167918782,4.877150237720586
retained,pooled,15000,85,25,0.29411764705882354,0.1803602749433736,0.46403270286403114,0.09725185740701621,3.0242882233898034,1.8545689486272119,4.77145337103406
retained,pooled,15000,85,25,0.29411764705882354,0.1803602749433736,0.46403270286403114,0.09940617304379226,2.9587463037054382,1.8143770092016107,4.668047150951146
retained,pooled,15000,85,25,0.29411764705882354,0.1803602749433736,0.46403270286403114,0.10160821091422637,2.8946247986504363,1.7750561034445003,4.566881934923047
retained,pooled,15000,85,25,0.29411764705882354,0.1803602749433736,0.46403270286403114,0.10385902815755405,2.831892925212504,1.7365873544451738,4.467909156246812
retained,pooled,15000,85,25,0.29411764705882354,0.1803602749433736,0.46403270286403114,0.10615970533067753,2.770520567504164,1.6989522943904962,4.371081300749778
retained,pooled,15000,85,25,0.29411764705882354,0.1803602749433736,0.46403270286403114,0.10851134692691215,2.7104782623049233,1.6621328556990016,4.27635188397929
retained,pooled,15000,85,25,0.29411764705882354,0.1803602749433736,0.46403270286403114,0.1109150819062239,2.6517371849167737,1.626111362347133,4.183675428886758
retained,pooled,15000,85,25,0.29411764705882354,0.1803602749433736,0.46403270286403114,0.11337206423721263,2.594269135326231,1.59087052138346,4.093007443995357
retained,pooled,15000,85,25,0.29411764705882354,0.1803602749433736,0.46403270286403114,0.1158834734511017,2.5380465246662607,1.556393414626794,4.004304402040855
retained,pooled,15000,85,25,0.29411764705882354,0.1803602749433736,0.46403270286403114,0.11845051520799903,2.4830423619716058,1.522663490544225,3.9175237190753456
retained,pooled,15000,85,25,0.29411764705882354,0.1803602749433736,0.46403270286403114,0.12107442187570203,2.429230241221155,1.489664556305178,3.832623734023843
retained,pooled,15000,85,25,0.29411764705882354,0.1803602749433736,0.46403270286403114,0.12375645312132456,2.3765843286611124,1.4573807700076657,3.74956368868391
retained,pooled,15000,85,25,0.29411764705882354,0.1803602749433736,0.46403270286403114,0.1264978965160291,2.3250793504029104,1.4257966330730198,3.668303708158748
retained,pooled,15000,85,25,0.29411764705882354,0.1803602749433736,0.46403270286403114,0.12930006815315506,2.274690580289897,1.3948969828054387,3.5888047817143263
retained,pooled,15000,85,25,0.29411764705882354,0.1803602749433736,0.46403270286403114,0.13216431328003997,2.225393828026968,1.3646669851127837,3.5110287440513748
retained,pooled,15000,85,25,0.29411764705882354,0.1803602749433736,0.46403270286403114,0.13509200694383644,2.177165427567457,1.3350921273851317,3.4349382569832536
retained,pooled,15000,85,25,0.29411764705882354,0.1803602749433736,0.46403270286403114,0.13808455465163555,2.1299822257517045,1.306158211527659,3.3604967915108883
retained,pooled,15000,85,25,0.29411764705882354,0.1803602749433736,0.46403270286403114,0.14114339304521273,2.0838215711918466,1.2778513471445203,3.287668610286184
retained,pooled,15000,85,25,0.29411764705882354,0.1803602749433736,0.46403270286403114,0.14426999059072135,2.0386613033974896,1.2501579448704376,3.2164187504554755
retained,pooled,15000,85,25,0.29411764705882354,0.1803602749433736,0.46403270286403114,0.14746584828366352,1.9944797421370566,1.2230647098468166,3.1467130068748084
retained,pooled,15000,85,25,0.29411764705882354,0.1803602749433736,0.46403270286403114,0.15073250036947777,1.9512556770296912,1.1965586353392386,3.078517915688967
retained,pooled,15000,85,25,0.29411764705882354,0.1803602749433736,0.46403270286403114,0.1540715150800893,1.9089683573627196,1.1706269964932772,3.0118007382663703
retained,pooled,15000,85,25,0.29411764705882354,0.1803602749433736,0.46403270286403114,0.15748449538677564,1.8675974821297952,1.145257344225639,2.946529445482143
retained,pooled,15000,85,25,0.29411764705882354,0.1803602749433736,0.46403270286403114,0.16097307976971045,1.8271231902849279,1.1204374992476918,2.882672702341786
retained,pooled,15000,85,25,0.29411764705882354,0.1803602749433736,0.46403270286403114,0.16453894300455357,1.787526051207731,1.0961555462185153,2.8201998529380923
retained,pooled,15000,85,25,0.29411764705882354,0.1803602749433736,0.46403270286403114,0.16818379696646607,1.7487870553753002,1.0723998280246663,2.759080905734064
retained,pooled,15000,85,25,0.29411764705882354,0.1803602749433736,0.46403270286403114,0.17190939145193543,1.7108876052362538,1.0491589401839105,2.6992865191647843
retained,pooled,15000,85,25,0.29411764705882354,0.1803602749433736,0.46403270286403114,0.17571751501880561,1.6738095062825498,1.0264217253702403,2.6407879875513234
retained,pooled,15000,85,25,0.29411764705882354,0.1803602749433736,0.46403270286403114,0.17960999584491616,1.6375349583147853,1.0041772680575376,2.5835572273199046
retained,pooled,15000,85,25,0.29411764705882354,0.1803602749433736,0.46403270286403114,0.1835887026057607,1.6020465468968057,0.9824148892793264,2.5275667635197427
retained,pooled,15000,85,25,0.29411764705882354,0.1803602749433736,0.46403270286403114,0.18765554537158832,1.567327234995497,0.961124141502086,2.4727897166330544
retained,pooled,15000,85,25,0.29411764705882354,0.1803602749433736,0.46403270286403114,0.1918124765243766,1.533360354801766,0.9402948036096723,2.419199789670925
retained,pooled,15000,85,25,0.29411764705882354,0.1803602749433736,0.46403270286403114,0.19606149169511813,1.500129599728772,0.9199168759964326,2.3667712555488296
retained,pooled,15000,85,25,0.29411764705882354,0.1803602749433736,0.46403270286403114,0.2004046307218691,1.4676190165835725,0.8999805757666648,2.3154789447357502
retained,pooled,15000,85,25,0.29411764705882354,0.1803602749433736,0.46403270286403114,0.20484397862902087,1.4358129979084238,0.8804763320381115,2.2652982331709612
retained,pooled,15000,85,25,0.29411764705882354,0.1803602749433736,0.46403270286403114,0.209381666628264,1.4046962744880607,0.8613947813472372,2.2162050304426812
retained,pooled,15000,85,25,0.29411764705882354,0.1803602749433736,0.46403270286403114,0.21401987314172596,1.3742539080193552,0.8427267631540802,2.1681757682229086
retained,pooled,15000,85,25,0.29411764705882354,0.1803602749433736,0.46403270286403114,0.21876082484777312,1.344471283939838,0.8244633154445229,2.1211873889529027
retained,pooled,15000,85,25,0.29411764705882354,0.1803602749433736,0.46403270286403114,0.22360679774997894,1.3153341044116413,0.8065956704278708,2.0752173347738703
retained,pooled,15000,85,25,0.29411764705882354,0.1803602749433736,0.46403270286403114,0.2285601182697725,1.2868283814574888,0.7891152503276709,2.030243536697541
retained,pooled,15000,85,25,0.29411764705882354,0.1803602749433736,0.46403270286403114,0.2336231643632904,1.2589404302454468,0.7720136632637525,1.986244404011443
retained,pooled,15000,85,25,0.29411764705882354,0.1803602749433736,0.46403270286403114,0.23879836666297036,1.2316568625191997,0.7552826992235095,1.9431988139137766
retained,pooled,15000,85,25,0.29411764705882354,0.1803602749433736,0.46403270286403114,0.24408820964443204,1.204964580170711,0.7389143261204949,1.9010861013729277
retained,pooled,15000,85,25,0.29411764705882354,0.1803602749433736,0.46403270286403114,0.24949523281920724,1.1788507689521717,0.7229006859384315,1.85988604920674
retained,pooled,15000,85,25,0.29411764705882354,0.1803602749433736,0.46403270286403114,0.2550220319538913,1.1533028923242241,0.7072340909587892,1.819578878376789
retained,pooled,15000,85,25,0.29411764705882354,0.1803602749433736,0.46403270286403114,0.2606712603163002,1.1283086854375095,0.6919070200701192,1.7801452384929999
retained,pooled,15000,85,25,0.29411764705882354,0.1803602749433736,0.46403270286403114,0.2664456299492345,1.103856149244637,0.6769121151573677,1.741566198524039
retained,pooled,15000,85,25,0.29411764705882354,0.1803602749433736,0.46403270286403114,0.2723479129724569,1.079933544739769,0.662242177569445,1.703823237709039
retained,pooled,15000,85,25,0.29411764705882354,0.1803602749433736,0.46403270286403114,0.27838094291351345,1.0565293873230364,0.6478901646633454,1.6668982366662772
retained,pooled,15000,85,25,0.29411764705882354,0.1803602749433736,0.46403270286403114,0.28454761606803347,1.0336324412870919,0.6338491864231631,1.630773468694547
retained,pooled,15000,85,25,0.29411764705882354,0.1803602749433736,0.46403270286403114,0.2908508928901632,1.0112317144231495,0.6201125021523821,1.5954315912630472
retained,pooled,15000,85,25,0.29411764705882354,0.1803602749433736,0.46403270286403114,0.29729379941380096,0.9893164527439183,0.6066735172378469,1.5608556376856941
retained,pooled,15000,85,25,0.29411764705882354,0.1803602749433736,0.46403270286403114,0.3038794287053142,0.9678761353209036,0.5935257799838672,1.5270290089758753
retained,pooled,15000,85,25,0.29411764705882354,0.1803602749433736,0.46403270286403114,0.3106109423484377,0.946900469233591,0.5806629785149318,1.4939354658777206
retained,pooled,15000,85,25,0.29411764705882354,0.1803602749433736,0.46403270286403114,0.31749157196206523,0.9263793846280919,0.568078937745546,1.4615591210700707
retained,pooled,15000,85,25,0.29411764705882354,0.1803602749433736,0.46403270286403114,0.32452462075166233,0.9063030298828783,0.5557676164157407,1.4298844315394033
retained,pooled,15000,85,25,0.29411764705882354,0.1803602749433736,0.46403270286403114,0.33171346509504746,0.8866617668792812,0.5437231041908235,1.398896191118047
retained,pooled,15000,85,25,0.29411764705882354,0.1803602749433736,0.46403270286403114,0.33906155616329964,0.8674461663744912,0.5319396188239873,1.3685795231841105
retained,pooled,15000,85,25,0.29411764705882354,0.1803602749433736,0.46403270286403114,0.3465724215775731,0.8486470034748317,0.5204115033804086,1.3389198735196157
retained,pooled,15000,85,25,0.29411764705882354,0.1803602749433736,0.46403270286403114,0.35424966710261396,0.8302552532071336,0.5091332235215041,1.309903003323407
retained,pooled,15000,85,25,0.29411764705882354,0.1803602749433736,0.46403270286403114,0.3620969783777898,0.8122620861860913,0.49809936484804557,1.281514982375489
retained,pooled,15000,85,25,0.29411764705882354,0.1803602749433736,0.46403270286403114,0.3701181226864676,0.7946588643755087,0.4873046303008496,1.253742182349498
retained,pooled,15000,85,25,0.29411764705882354,0.1803602749433736,0.46403270286403114,0.3783169507645844,0.7774371369414118,0.47674383761780353,1.2265712702701106
retained,pooled,15000,85,25,0.29411764705882354,0.1803602749433736,0.46403270286403114,0.3866973986492824,0.76058863619503,0.466411916846,1.19998920211224
retained,pooled,15000,85,25,0.29411764705882354,0.1803602749433736,0.46403270286403114,0.39526348956849483,0.7441052736237005,0.4563039079077885,1.1739832165389497
retained,pooled,15000,85,25,0.29411764705882354,0.1803602749433736,0.46403270286403114,0.4040193358723891,0.7279791360077915,0.44641495821957644,1.14854082877508
retained,pooled,15000,85,25,0.29411764705882354,0.1803602749433736,0.46403270286403114,0.4129691410075964,0.7122024816217766,0.4367403203622324,1.1236498246136397
retained,pooled,15000,85,25,0.29411764705882354,0.1803602749433736,0.46403270286403114,0.42211720153517307,0.6967677365176412,0.4272753498019791,1.0992982545520962
retained,pooled,15000,85,25,0.29411764705882354,0.1803602749433736,0.46403270286403114,0.43146790919326417,0.6816674908888337,0.41801550266067683,1.0754744280557387
retained,pooled,15000,85,25,0.29411764705882354,0.1803602749433736,0.46403270286403114,0.4410257530054594,0.6668944955130154,0.40895633353442956,1.0521669079453666
retained,pooled,15000,85,25,0.29411764705882354,0.1803602749433736,0.46403270286403114,0.4507953214358516,0.6524416582719051,0.4000934933594668,1.0293645049066091
retained,pooled,15000,85,25,0.29411764705882354,0.1803602749433736,0.46403270286403114,0.4607813045918368,0.6383020407465423,0.3914227273242736,1.0070562721182328
retained,pooled,15000,85,25,0.29411764705882354,0.1803602749433736,0.46403270286403114,0.4709884964757077,0.6244688548863387,0.3829398728269706,0.9852314999968682
retained,pooled,15000,85,25,0.29411764705882354,0.1803602749433736,0.46403270286403114,0.4814217972861255,0.6109354597503182,0.3746408574769607,0.9638797110556268
retained,pooled,15000,85,25,0.29411764705882354,0.1803602749433736,0.46403270286403114,0.49208621577057415,0.5976953583189786,0.3665216971398832,0.9429906548741401
retained,pooled,15000,85,25,0.29411764705882354,0.1803602749433736,0.46403270286403114,0.5029868716299246,0.5847421943752484,0.3585784940249388,0.9225543031776101
retained,pooled,15000,85,25,0.29411764705882354,0.1803602749433736,0.46403270286403114,0.5141289979762667,0.5720697494530365,0.35080743481366405,0.9025608450225014
retained,pooled,15000,85,25,0.29411764705882354,0.1803602749433736,0.46403270286403114,0.525517943845185,0.5596719398519133,0.3432047888292599,0.8830006820865719
retained,pooled,15000,85,25,0.29411764705882354,0.1803602749433736,0.46403270286403114,0.5371591767636876,0.5475428137164912,0.3357669062455941,0.8638644240609762
retained,pooled,15000,85,25,0.29411764705882354,0.1803602749433736,0.46403270286403114,0.5490582853750189,0.5356765481790967,0.32849021633501724,0.8451428841422302
retained,pooled,15000,85,25,0.29411764705882354,0.1803602749433736,0.46403270286403114,0.5612209821216161,0.5240674465643704,0.32137122575415344,0.8268270746218744
retained,pooled,15000,85,25,0.29411764705882354,0.1803602749433736,0.46403270286403114,0.5736531059875011,0.5127099356544439,0.31440651686683857,0.8089082025717153
retained,pooled,15000,85,25,0.29411764705882354,0.1803602749433736,0.46403270286403114,0.5863606253014186,0.5015985630133886,0.3075927461034059,0.7913776656225768
retained,pooled,15000,85,25,0.29411764705882354,0.1803602749433736,0.46403270286403114,0.5993496406020714,0.4907279943696475,0.3009266423555277,0.7742270478345348
retained,pooled,15000,85,25,0.29411764705882354,0.1803602749433736,0.46403270286403114,0.6126263875668242,0.4800930110551951,0.294405005405844,0.7574481156566494
retained,pooled,15000,85,25,0.29411764705882354,0.1803602749433736,0.46403270286403114,0.6261972400052849,0.4696885075001948,0.2880247043916249,0.7410328139742597
retained,pooled,15000,85,25,0.29411764705882354,0.1803602749433736,0.46403270286403114,0.6400687129192003,0.4595094887819517,0.28178267630172626,0.724973262241938
retained,pooled,15000,85,25,0.29411764705882354,0.1803602749433736,0.46403270286403114,0.6542474656301328,0.44955106822698454,0.27567592450612116,0.7092617507002523
retained,pooled,15000,85,25,0.29411764705882354,0.1803602749433736,0.46403270286403114,0.6687403049764219,0.439808465065065,0.26970151731729797,0.6938907366745178
retained,pooled,15000,85,25,0.29411764705882354,0.1803602749433736,0.46403270286403114,0.6835541885809645,0.43027700213409836,0.26385658658283617,0.6788528409537617
retained,pooled,15000,85,25,0.29411764705882354,0.1803602749433736,0.46403270286403114,0.6986962281913823,0.42095210363474406,0.2581383263084833,0.664140844248162
retained,pooled,15000,85,25,0.29411764705882354,0.1803602749433736,0.46403270286403114,0.7141736930941817,0.4118292929336964,0.2525439913110725,0.6497476837232603
retained,pooled,15000,85,25,0.29411764705882354,0.1803602749433736,0.46403270286403114,0.7299940136045424,0.4029041904145738,0.24707089590063358,0.6356664496092844
retained,pooled,15000,85,25,0.29411764705882354,0.1803602749433736,0.46403270286403114,0.7461647846334124,0.39417251137538245,0.2417164125910657,0.6218903818839541
retained,pooled,15000,85,25,0.29411764705882354,0.1803602749433736,0.46403270286403114,0.7626937693336209,0.3856300639715457,0.23647797083875166,0.608412867027175
retained,pooled,15000,85,25,0.29411764705882354,0.1803602749433736,0.46403270286403114,0.7795889028267581,0.37727274720351295,0.23135305580850943,0.5952274348460672
retained,pooled,15000,85,25,0.29411764705882354,0.1803602749433736,0.46403270286403114,0.7968582960126162,0.3690965489479788,0.2263392071662865,0.582327755368797
retained,pooled,15000,85,25,0.29411764705882354,0.1803602749433736,0.46403270286403114,0.8145102394630129,0.36109754403177086,0.22143401789802028,0.5697076358057288
retained,pooled,15000,85,25,0.29411764705882354,0.1803602749433736,0.46403270286403114,0.8325532074018729,0.3532718923474799,0.216635133154095,0.5573610175764332
retained,pooled,15000,85,25,0.29411764705882354,0.1803602749433736,0.46403270286403114,0.8509958617734752,0.3456158370099267,0.21194024911884154,0.5452819734011245
retained,pooled,15000,85,25,0.29411764705882354,0.1803602749433736,0.46403270286403114,0.8698470564008185,0.33812570255258356,0.2073471119045381,0.5334647044551343
retained,pooled,15000,85,25,0.29411764705882354,0.1803602749433736,0.46403270286403114,0.8891158412361065,0.33079789316307995,0.2028535164693782,0.5219035375850494
retained,pooled,15000,85,25,0.29411764705882354,0.1803602749433736,0.46403270286403114,0.9088114667053847,0.32362889095695085,0.19845730555889007,0.5105929225851852
retained,pooled,15000,85,25,0.29411764705882354,0.1803602749433736,0.46403270286403114,0.9289433881494226,0.3166152542887943,0.19415636867029645,0.4995274295330799
retained,pooled,15000,85,25,0.29411764705882354,0.1803602749433736,0.46403270286403114,0.9495212703629673,0.30975361610003016,0.18994864103931916,0.4887017461827352
retained,pooled,15000,85,25,0.29411764705882354,0.1803602749433736,0.46403270286403114,0.9705549922345541,0.30304068230246567,0.1858321026489408,0.47811067541434926
retained,pooled,15000,85,25,0.29411764705882354,0.1803602749433736,0.46403270286403114,0.9920546514890941,0.29647323019689187,0.1818047772596491,0.467749132739319
retained,pooled,15000,85,25,0.29411764705882354,0.1803602749433736,0.46403270286403114,1.014030569535521,0.29004810692595273,0.1778647314606975,0.4576121438593142
retained,pooled,15000,85,25,0.29411764705882354,0.1803602749433736,0.46403270286403114,1.0364932964218223,0.28376222796054273,0.1740100737419263,0.44769484227824996
retained,pooled,15000,85,25,0.29411764705882354,0.1803602749433736,0.46403270286403114,1.0594536158998336,0.27761257561900754,0.1702389535856998,0.43799246696601324
retained,pooled,15000,85,25,0.29411764705882354,0.1803602749433736,0.46403270286403114,1.082922550602229,0.2715961976184358,0.16654956057852208,0.4285003600728194
retained,pooled,15000,85,25,0.29411764705882354,0.1803602749433736,0.46403270286403114,1.1069113673341908,0.2657102056573475,0.1629401235419064,0.4192139646931042
retained,pooled,15000,85,25,0.29411764705882354,0.1803602749433736,0.46403270286403114,1.1314315824822994,0.2599517740290981,0.1594089096820799,0.4101288226778756
retained,pooled,15000,85,25,0.29411764705882354,0.1803602749433736,0.46403270286403114,1.156494967543242,0.25431813826533256,0.15595422375811574,0.4012405724944762
retained,pooled,15000,85,25,0.29411764705882354,0.1803602749433736,0.46403270286403114,1.1821135547749906,0.24880659380883874,0.15257440726809385,0.3925449471327291
retained,pooled,15000,85,25,0.29411764705882354,0.1803602749433736,0.46403270286403114,1.2082996429731678,0.24341449471516138,0.14926783765289814,0.3840377720564598
retained,pooled,15000,85,25,0.29411764705882354,0.1803602749433736,0.46403270286403114,1.2350658033753672,0.23813925238235575,0.1460329275172698,0.3757149631994143
retained,pooled,15000,85,25,0.29411764705882354,0.1803602749433736,0.46403270286403114,1.2624248856962665,0.23297833430826936,0.14286812386774148,0.36757252500460863
retained,pooled,15000,85,25,0.29411764705882354,0.1803602749433736,0.46403270286403114,1.2903900242964321,0.22792926287475543,0.13977190736708664,0.3596065485061687
retained,pooled,15000,85,25,0.29411764705882354,0.1803602749433736,0.46403270286403114,1.3189746444877692,0.22298961415823554,0.13674279160492692,0.35181320945274175
retained,pooled,15000,85,25,0.29411764705882354,0.1803602749433736,0.46403270286403114,1.348192468978658,0.21815701676603821,0.13377932238414597,0.3441887664715748
retained,pooled,15000,85,25,0.29411764705882354,0.1803602749433736,0.46403270286403114,1.378057524461855,0.21342915069795754,0.13088007702276874,0.3367295592723827
retained,pooled,15000,85,25,0.29411764705882354,0.1803602749433736,0.46403270286403114,1.4085841483483297,0.20880374623248352,0.12804366367097025,0.32943200689014157
retained,pooled,15000,85,25,0.29411764705882354,0.1803602749433736,0.46403270286403114,1.439786995650275,0.20427858283716913,0.12526872064288544,0.3222926059659626
retained,pooled,15000,85,25,0.29411764705882354,0.1803602749433736,0.46403270286403114,1.4716810460165812,0.1998514881026128,0.12255391576290063,0.3153079290652242
retained,pooled,15000,85,25,0.29411764705882354,0.1803602749433736,0.46403270286403114,1.5042816109241643,0.195520336699543,0.11989794572611187,0.3084746230321528
retained,pooled,15000,85,25,0.29411764705882354,0.1803602749433736,0.46403270286403114,1.5376043410285951,0.1912830493585045,0.11729953547264302,0.30178940738006244
retained,pooled,15000,85,25,0.29411764705882354,0.1803602749433736,0.46403270286403114,1.571665233677558,0.18713759187165716,0.11475743757552392,0.29524907271648143
retained,pooled,15000,85,25,0.29411764705882354,0.1803602749433736,0.46403270286403114,1.6064806405907486,0.1830819741162073,0.11227043164183416,0.28885047920240925
retained,pooled,15000,85,25,0.29411764705882354,0.1803602749433736,0.46403270286403114,1.6420672757098942,0.1791142490990032,0.10983732372682521,0.2825905550449641
retained,pooled,15000,85,25,0.29411764705882354,0.1803602749433736,0.46403270286403114,1.6784422232226706,0.17523251202183587,0.10745694576073954,0.2764662950226975
retained,pooled,15000,85,25,0.29411764705882354,0.1803602749433736,0.46403270286403114,1.7156229457643553,0.1714348993669972,0.10512815498805207,0.27047475904286905
retained,pooled,15000,85,25,0.29411764705882354,0.1803602749433736,0.46403270286403114,1.753627292801179,0.16771958800265419,0.10284983341886336,0.2646130707299854
retained,pooled,15000,85,25,0.29411764705882354,0.1803602749433736,0.46403270286403114,1.7924735091993687,0.16408479430761294,0.10062088729218309,0.2588784160449307
retained,pooled,15000,85,25,0.29411764705882354,0.1803602749433736,0.46403270286403114,1.8321802439840191,0.16052877331504997,0.09844024655084467,0.25326804193402197
retained,pooled,15000,85,25,0.29411764705882354,0.1803602749433736,0.46403270286403114,1.8727665592919895,0.1570498178748004,0.09630686432779954,0.24777925500734135
retained,pooled,15000,85,25,0.29411764705882354,0.1803602749433736,0.46403270286403114,1.9142519395231228,0.1536462578338011,0.09421971644354443,0.24240942024571263
retained,pooled,15000,85,25,0.29411764705882354,0.1803602749433736,0.46403270286403114,1.9566563006941826,0.15031645923429499,0.09217780091444029,0.23715595973569892
retained,pooled,15000,85,25,0.29411764705882354,0.1803602749433736,0.46403270286403114,2,0.14705882352941177,0.0901801374716868,0.23201635143201557
retained,pooled,35000,110,51,0.4636363636363636,0.3259065723881082,0.6518934983238179,0.025,18.545454545454543,13.036262895524327,26.075739932952715
retained,pooled,35000,110,51,0.4636363636363636,0.3259065723881082,0.6518934983238179,0.025553798069830137,18.143540242800608,12.753742966016738,25.510630417537428
retained,pooled,35000,110,51,0.4636363636363636,0.3259065723881082,0.6518934983238179,0.02611986383174618,17.75033616648714,12.477345765945387,24.957767870577648
retained,pooled,35000,110,51,0.4636363636363636,0.3259065723881082,0.6518934983238179,0.02669846903871607,17.365653549798445,12.206938604438461,24.416886877614292
retained,pooled,35000,110,51,0.4636363636363636,0.3259065723881082,0.6518934983238179,0.027289891463558497,16.98930771694272,11.942391666280788,23.887727776210568
retained,pooled,35000,110,51,0.4636363636363636,0.3259065723881082,0.6518934983238179,0.0278944150322942,16.621117994394144,11.683577949593007,23.37003653129493
retained,pooled,35000,110,51,0.4636363636363636,0.3259065723881082,0.6518934983238179,0.02851232996045121,16.260907624156385,11.430373204861393,22.86356461320573
retained,pooled,35000,110,51,0.4636363636363636,0.3259065723881082,0.6518934983238179,0.029143932892389528,15.908503678905836,11.182655875289004,22.368068878378782
retained,pooled,35000,110,51,0.4636363636363636,0.3259065723881082,0.6518934983238179,0.029789527043712113,15.563736978973845,10.940307038439526,21.883311452620653
retained,pooled,35000,110,51,0.4636363636363636,0.3259065723881082,0.6518934983238179,0.030449422346830533,15.226442011128114,10.703210349145808,21.40905961691169
retained,pooled,35000,110,51,0.4636363636363636,0.3259065723881082,0.6518934983238179,0.031123935599755227,14.89645684911422,10.47125198365567,20.94508569568383
retained,pooled,35000,110,51,0.4636363636363636,0.3259065723881082,0.6518934983238179,0.031813390618181704,14.57362307591918,10.244320584988166,20.49116694751969
retained,pooled,35000,110,51,0.4636363636363636,0.3259065723881082,0.6518934983238179,0.03251811839094577,14.257785707719698,10.022307209474103,20.04708545822039
retained,pooled,35000,110,51,0.4636363636363636,0.3259065723881082,0.6518934983238179,0.03323845723892231,13.948793119478612,9.805105274455123,19.612628036190834
retained,pooled,35000,110,51,0.4636363636363636,0.3259065723881082,0.6518934983238179,0.03397475297744418,13.646496972153752,9.592610507116193,19.187586110092095
retained,pooled,35000,110,51,0.4636363636363636,0.3259065723881082,0.6518934983238179,0.034727359082318755,13.350752141484366,9.384720894427062,18.771755628711944
retained,pooled,35000,110,51,0.4636363636363636,0.3259065723881082,0.6518934983238179,0.0354966368595222,13.061416648320872,9.181336634168533,18.364936963005363
retained,pooled,35000,110,51,0.4636363636363636,0.3259065723881082,0.6518934983238179,0.03628295561865279,12.778351590464471,8.982360087020092,17.966934810257975
retained,pooled,35000,110,51,0.4636363636363636,0.3259065723881082,0.6518934983238179,0.0370866928502265,12.501421075983918,8.787695729685906,17.577558100326453
retained,pooled,35000,110,51,0.4636363636363636,0.3259065723881082,0.6518934983238179,0.03790823440690005,12.230492157977494,8.597250109036647,17.196619903910914
retained,pooled,35000,110,51,0.4636363636363636,0.3259065723881082,0.6518934983238179,0.03874797468870843,11.965434770748733,8.410931797245157,16.82393734281515
retained,pooled,35000,110,51,0.4636363636363636,0.3259065723881082,0.6518934983238179,0.03960631683240578,11.706121667365384,8.228651347894393,16.45933150215171
retained,pooled,35000,110,51,0.4636363636363636,0.3259065723881082,0.6518934983238179,0.04048367290500048,11.452428358571584,8.050321253036621,16.102627344449694
retained,pooled,35000,110,51,0.4636363636363636,0.3259065723881082,0.6518934983238179,0.04138046410157744,11.204233053023918,7.8758559011832,15.753653625623969
retained,pooled,35000,110,51,0.4636363636363636,0.3259065723881082,0.6518934983238179,0.04229712094750259,10.96141659882264,7.705171536204787,15.412242812765454
retained,pooled,35000,110,51,0.4636363636363636,0.3259065723881082,0.6518934983238179,0.043234083505106546,10.72386242631006,7.538186217122288,15.078231003713084
retained,pooled,35000,110,51,0.4636363636363636,0.3259065723881082,0.6518934983238179,0.04419180158494666,10.491456492108597,7.374819778769188,14.751457848368792
retained,pooled,35000,110,51,0.4636363636363636,0.3259065723881082,0.6518934983238179,0.04517073496174905,10.264087224371591,7.214993793306409,14.431766471717733
retained,pooled,35000,110,51,0.4636363636363636,0.3259065723881082,0.6518934983238179,0.046171353595134086,10.041645469220668,7.058631532571202,14.119003398516776
retained,pooled,35000,110,51,0.4636363636363636,0.3259065723881082,0.6518934983238179,0.047194137855231286,9.82402443834391,6.905657931242042,13.81301847961522
retained,pooled,35000,110,51,0.4636363636363636,0.3259065723881082,0.6518934983238179,0.04823957875329227,9.611119657729624,6.75599955080175,13.513664819872155
retained,pooled,35000,110,51,0.4636363636363636,0.3259065723881082,0.6518934983238179,0.049308178177411954,9.402828917511195,6.609584544281659,13.220798707636089
retained,pooled,35000,110,51,0.4636363636363636,0.3259065723881082,0.6518934983238179,0.05040044913347162,9.199052222898871,6.4663426217697975,12.93427954575283
retained,pooled,35000,110,51,0.4636363636363636,0.3259065723881082,0.6518934983238179,0.051516915991419165,8.999691746174955,6.32620501666661,12.653969784068588
retained,pooled,35000,110,51,0.4636363636363636,0.3259065723881082,0.6518934983238179,0.052658114737005136,8.804651779729332,6.189104452671937,12.379734853395808
retained,pooled,35000,110,51,0.4636363636363636,0.3259065723881082,0.6518934983238179,0.05382459322909503,8.613838690112827,6.054975111487485,12.111443100910146
retained,pooled,35000,110,51,0.4636363636363636,0.3259065723881082,0.6518934983238179,0.05501691146268163,8.427160873086297,5.923752601219227,11.848965726947467
retained,pooled,35000,110,51,0.4636363636363636,0.3259065723881082,0.6518934983238179,0.056235641837723574,8.2445287096439,5.795373925464579,11.5921767231706
retained,pooled,35000,110,51,0.4636363636363636,0.3259065723881082,0.6518934983238179,0.05748136943393921,8.065854522989406,5.669777453069524,11.340952812076099
retained,pooled,35000,110,51,0.4636363636363636,0.3259065723881082,0.6518934983238179,0.05875469229168755,7.89105253644495,5.546902888541151,11.095173387812057
retained,pooled,35000,110,51,0.4636363636363636,0.3259065723881082,0.6518934983238179,0.06005622169907156,7.720038832271915,5.426691243101406,10.854720458278445
retained,pooled,35000,110,51,0.4636363636363636,0.3259065723881082,0.6518934983238179,0.06138658248540103,7.552731311384304,5.3090848063681575,10.619478588482286
retained,pooled,35000,110,51,0.4636363636363636,0.3259065723881082,0.6518934983238179,0.0627464133211564,7.389049653935167,5.194027118650005,10.389334845120416
retained,pooled,35000,110,51,0.4636363636363636,0.3259065723881082,0.6518934983238179,0.06413636702459721,7.22891528075721,5.081462943841493,10.164178742363244
retained,pooled,35000,110,51,0.4636363636363636,0.3259065723881082,0.6518934983238179,0.06555711087516278,7.072251315639028,4.971338242905736,9.943902188813462
retained,pooled,35000,110,51,0.4636363636363636,0.3259065723881082,0.6518934983238179,0.06700932693381499,6.918982548418917,4.86360014793173,9.728399435614271
retained,pooled,35000,110,51,0.4636363636363636,0.3259065723881082,0.6518934983238179,0.06849371237047752,6.769035398878486,4.75819693675389,9.517567025682201
retained,pooled,35000,110,51,0.4636363636363636,0.3259065723881082,0.6518934983238179,0.07001097979872836,6.622337881418778,4.655078008121632,9.311303744040138
retained,pooled,35000,110,51,0.4636363636363636,0.3259065723881082,0.6518934983238179,0.0715618576179065,6.478819570501908,4.554193857407058,9.109510569226735
retained,pooled,35000,110,51,0.4636363636363636,0.3259065723881082,0.6518934983238179,0.07314709036279672,6.33841156684167,4.455496052839133,8.912090625758873
retained,pooled,35000,110,51,0.4636363636363636,0.3259065723881082,0.6518934983238179,0.07476743906106102,6.201046464326823,4.358937212252878,8.718949137624334
retained,pooled,35000,110,51,0.4636363636363636,0.3259065723881082,0.6518934983238179,0.07642368159858738,6.06665831766123,4.264470980342463,8.529993382782381
retained,pooled,35000,110,51,0.4636363636363636,0.3259065723881082,0.6518934983238179,0.0781166130929318,5.9351826107053105,4.1720520064072915,8.345132648650418
retained,pooled,35000,110,51,0.4636363636363636,0.3259065723881082,0.6518934983238179,0.07984704627503313,5.80655622550355,4.081635922580318,8.16427818855529
retained,pooled,35000,110,51,0.4636363636363636,0.3259065723881082,0.6518934983238179,0.08161581187938317,5.680717411983277,3.9931793225282477,7.987343179128401
retained,pooled,35000,110,51,0.4636363636363636,0.3259065723881082,0.6518934983238179,0.08342375904284005,5.5576057583101175,3.9066397406133135,7.814242678624148
retained,pooled,35000,110,51,0.4636363636363636,0.3259065723881082,0.6518934983238179,0.08527175571227602,5.437162161885883,3.821975631506665,7.6448935861416665
retained,pooled,35000,110,51,0.4636363636363636,0.3259065723881082,0.6518934983238179,0.08716068906125543,5.319328800975011,3.7391463502435736,7.479214601730321
retained,pooled,35000,110,51,0.4636363636363636,0.3259065723881082,0.6518934983238179,0.089091465915943,5.204049106945893,3.658112132710872,7.317126187359782
retained,pooled,35000,110,51,0.4636363636363636,0.3259065723881082,0.6518934983238179,0.09106501319044645,5.091267737113811,3.578834076557283,7.158550528735963
retained,pooled,35000,110,51,0.4636363636363636,0.3259065723881082,0.6518934983238179,0.09308227833180346,4.980930548172378,3.5012741225174286,7.00341149794445
retained,pooled,35000,110,51,0.4636363636363636,0.3259065723881082,0.6518934983238179,0.09514422977482528,4.8729845702008054,3.4253950361406105,6.851634616903546
retained,pooled,35000,110,51,0.4636363636363636,0.3259065723881082,0.6518934983238179,0.09725185740701621,4.767377981234471,3.3511603899155533,6.70314702160935
retained,pooled,35000,110,51,0.4636363636363636,0.3259065723881082,0.6518934983238179,0.09940617304379226,4.664060082386572,3.278534545782522,6.5578774271556926
retained,pooled,35000,110,51,0.4636363636363636,0.3259065723881082,0.6518934983238179,0.10160821091422637,4.56298127350896,3.207482638024457,6.415756093512173
retained,pooled,35000,110,51,0.4636363636363636,0.3259065723881082,0.6518934983238179,0.10385902815755405,4.464093029380438,3.1379705565288774,6.2767147920438475
retained,pooled,35000,110,51,0.4636363636363636,0.3259065723881082,0.6518934983238179,0.10615970533067753,4.367347876411109,3.0699649304125307,6.140686772756488
retained,pooled,35000,110,51,0.4636363636363636,0.3259065723881082,0.6518934983238179,0.10851134692691215,4.272699369851579,3.003433112000929,6.007606732251706
retained,pooled,35000,110,51,0.4636363636363636,0.3259065723881082,0.6518934983238179,0.1109150819062239,4.180102071496077,2.938343161155077,5.877410782376544
retained,pooled,35000,110,51,0.4636363636363636,0.3259065723881082,0.6518934983238179,0.11337206423721263,4.089511527868804,2.874663829937873,5.750036419552498
retained,pooled,35000,110,51,0.4636363636363636,0.3259065723881082,0.6518934983238179,0.1158834734511017,4.000884248882996,2.812364547612806,5.625422494769209
retained,pooled,35000,110,51,0.4636363636363636,0.3259065723881082,0.6518934983238179,0.11845051520799903,3.914177686962513,2.7514154059677707,5.503509184228481
retained,pooled,35000,110,51,0.4636363636363636,0.3259065723881082,0.6518934983238179,0.12107442187570203,3.8293502166158935,2.6917871449569413,5.384237960624481
retained,pooled,35000,110,51,0.4636363636363636,0.3259065723881082,0.6518934983238179,0.12375645312132456,3.746361114453062,2.6334511386538035,5.267551565046346
retained,pooled,35000,110,51,0.4636363636363636,0.3259065723881082,0.6518934983238179,0.1264978965160291,3.6651705396351333,2.576379381508618,5.153393979489719
retained,pooled,35000,110,51,0.4636363636363636,0.3259065723881082,0.6518934983238179,0.12930006815315506,3.585739514747892,2.5205444749037107,5.041710399964016
retained,pooled,35000,110,51,0.4636363636363636,0.3259065723881082,0.6518934983238179,0.13216431328003997,3.5080299070897834,2.4659196140001285,4.932447210182492
retained,pooled,35000,110,51,0.4636363636363636,0.3259065723881082,0.6518934983238179,0.13509200694383644,3.4320044103654275,2.41247857486936,4.825551955822509
retained,pooled,35000,110,51,0.4636363636363636,0.3259065723881082,0.6518934983238179,0.13808455465163555,3.357626526775868,2.3601957019039275,4.720973319343624
retained,pooled,35000,110,51,0.4636363636363636,0.3259065723881082,0.6518934983238179,0.14114339304521273,3.2848605494969654,2.3090458955008257,4.618661095351418
retained,pooled,35000,110,51,0.4636363636363636,0.3259065723881082,0.6518934983238179,0.14426999059072135,3.213671545537497,2.2590046000118664,4.518566166495225
retained,pooled,35000,110,51,0.4636363636363636,0.3259065723881082,0.6518934983238179,0.14746584828366352,3.1440253389687784,2.2100477919551804,4.420640479888221
retained,pooled,35000,110,51,0.4636363636363636,0.3259065723881082,0.6518934983238179,0.15073250036947777,3.075888494517713,2.162151968482186,4.324837024038524
retained,pooled,35000,110,51,0.4636363636363636,0.3259065723881082,0.6518934983238179,0.1540715150800893,3.009228301515414,2.1152941360945,4.231109806280228
retained,pooled,35000,110,51,0.4636363636363636,0.3259065723881082,0.6518934983238179,0.15748449538677564,2.9440127581936952,2.0694517996053814,4.139413830693577
retained,pooled,35000,110,51,0.4636363636363636,0.3259065723881082,0.6518934983238179,0.16097307976971045,2.880210556321877,2.0246029513403925,4.049705076503616
retained,pooled,35000,110,51,0.4636363636363636,0.3259065723881082,0.6518934983238179,0.16453894300455357,2.81779106617655,1.9807260605721093,3.96194047694701
retained,pooled,35000,110,51,0.4636363636363636,0.3259065723881082,0.6518934983238179,0.16818379696646607,2.756724321837064,1.9378000631837933,3.876077898596843
retained,pooled,35000,110,51,0.4636363636363636,0.3259065723881082,0.6518934983238179,0.17190939145193543,2.6969810067996947,1.8958043515570773,3.7920761211354903
retained,pooled,35000,110,51,0.4636363636363636,0.3259065723881082,0.6518934983238179,0.17571751501880561,2.6385324399035825,1.8547187646788033,3.709894817565859
retained,pooled,35000,110,51,0.4636363636363636,0.3259065723881082,0.6518934983238179,0.17960999584491616,2.5813505615616705,1.8145235784622562,3.6294945348514673
retained,pooled,35000,110,51,0.4636363636363636,0.3259065723881082,0.6518934983238179,0.1835887026057607,2.5254079202900552,1.7751994962781648,3.5508366749761135
retained,pooled,35000,110,51,0.4636363636363636,0.3259065723881082,0.6518934983238179,0.18765554537158832,2.4706776595292648,1.7367276396909055,3.473883476413998
retained,pooled,35000,110,51,0.4636363636363636,0.3259065723881082,0.6518934983238179,0.1918124765243766,2.4171335047511473,1.699089539395474,3.398597996001431
retained,pooled,35000,110,51,0.4636363636363636,0.3259065723881082,0.6518934983238179,0.19606149169511813,2.3647497508451734,1.6622671263508662,3.324944091201413
retained,pooled,35000,110,51,0.4636363636363636,0.3259065723881082,0.6518934983238179,0.2004046307218691,2.3135012497781045,1.6262427231056182,3.25288640275257
retained,pooled,35000,110,51,0.4636363636363636,0.3259065723881082,0.6518934983238179,0.20484397862902087,2.263363398521097,1.5909990353113364,3.1823903376941254
retained,pooled,35000,110,51,0.4636363636363636,0.3259065723881082,0.6518934983238179,0.209381666628264,2.214312127238452,1.5565191434201469,3.11342205275875
retained,pooled,35000,110,51,0.4636363636363636,0.3259065723881082,0.6518934983238179,0.21401987314172596,2.1663238877323288,1.522786494562072,3.0459484381253135
retained,pooled,35000,110,51,0.4636363636363636,0.3259065723881082,0.6518934983238179,0.21876082484777312,2.1193756421378898,1.4897848945984433,2.979937101523751
retained,pooled,35000,110,51,0.4636363636363636,0.3259065723881082,0.6518934983238179,0.22360679774997894,2.0734448518634414,1.457498500347532,2.915356352684405
retained,pooled,35000,110,51,0.4636363636363636,0.3259065723881082,0.6518934983238179,0.2285601182697725,2.0285094667702595,1.4259118119786605,2.852175188124376
retained,pooled,35000,110,51,0.4636363636363636,0.3259065723881082,0.6518934983238179,0.2336231643632904,1.9845479145869134,1.3950096655711528,2.790363276263589
retained,pooled,35000,110,51,0.4636363636363636,0.3259065723881082,0.6518934983238179,0.23879836666297036,1.941539090552993,1.364777225834541,2.729890942863408
retained,pooled,35000,110,51,0.4636363636363636,0.3259065723881082,0.6518934983238179,0.24408820964443204,1.8994623472872842,1.3351999789865416,2.670729156780836
retained,pooled,35000,110,51,0.4636363636363636,0.3259065723881082,0.6518934983238179,0.24949523281920724,1.858297484875514,1.306263725785379,2.6128495160314436
retained,pooled,35000,110,51,0.4636363636363636,0.3259065723881082,0.6518934983238179,0.2550220319538913,1.8180247411729133,1.2779545747131098,2.5562242341543344
retained,pooled,35000,110,51,0.4636363636363636,0.3259065723881082,0.6518934983238179,0.2606712603163002,1.7786247823169468,1.250258935306681,2.5008261268726213
retained,pooled,35000,110,51,0.4636363636363636,0.3259065723881082,0.6518934983238179,0.2664456299492345,1.740078693445637,1.2231635116335093,2.446628599042973
retained,pooled,35000,110,51,0.4636363636363636,0.3259065723881082,0.6518934983238179,0.2723479129724569,1.7023679696170542,1.1966552959084646,2.393605631888008
retained,pooled,35000,110,51,0.4636363636363636,0.3259065723881082,0.6518934983238179,0.27838094291351345,1.6654745069255863,1.1707215622491798,2.341731770505376
retained,pooled,35000,110,51,0.4636363636363636,0.3259065723881082,0.6518934983238179,0.28454761606803347,1.6293805938107428,1.1453498605666972,2.290982111647544
retained,pooled,35000,110,51,0.4636363636363636,0.3259065723881082,0.6518934983238179,0.2908508928901632,1.59406890255431,1.1205280105885163,2.2413322917664162
retained,pooled,35000,110,51,0.4636363636363636,0.3259065723881082,0.6518934983238179,0.29729379941380096,1.5595224809617765,1.0962440960111697,2.192758475317046
retained,pooled,35000,110,51,0.4636363636363636,0.3259065723881082,0.6518934983238179,0.3038794287053142,1.5257247442240423,1.072486458779527,2.1452373433148346
retained,pooled,35000,110,51,0.4636363636363636,0.3259065723881082,0.6518934983238179,0.3106109423484377,1.492659466955497,1.049243693490077,2.098746082140711
retained,pooled,35000,110,51,0.4636363636363636,0.3259065723881082,0.6518934983238179,0.31749157196206523,1.4603107754046465,1.0265046419154977,2.0532623725889265
retained,pooled,35000,110,51,0.4636363636363636,0.3259065723881082,0.6518934983238179,0.32452462075166233,1.4286631398335552,1.0042583876478925,2.0087643791522054
retained,pooled,35000,110,51,0.4636363636363636,0.3259065723881082,0.6518934983238179,0.33171346509504746,1.3977013670624303,0.9824942508581153,1.965230739539101
retained,pooled,35000,110,51,0.4636363636363636,0.3259065723881082,0.6518934983238179,0.33906155616329964,1.367410593175789,0.9612017831686713,1.9226405544185359
retained,pooled,35000,110,51,0.4636363636363636,0.3259065723881082,0.6518934983238179,0.3465724215775731,1.3377762763866892,0.9403707626377327,1.8809733773865933
retained,pooled,35000,110,51,0.4636363636363636,0.3259065723881082,0.6518934983238179,0.35424966710261396,1.3087841900556088,0.9199911888518565,1.8402092051507468
retained,pooled,35000,110,51,0.4636363636363636,0.3259065723881082,0.6518934983238179,0.3620969783777898,1.2804204158606203,0.9000532781250586,1.800328467926822
retained,pooled,35000,110,51,0.4636363636363636,0.3259065723881082,0.6518934983238179,0.3701181226864676,1.2526713371155744,0.8805474588019252,1.7613120200440613
retained,pooled,35000,110,51,0.4636363636363636,0.3259065723881082,0.6518934983238179,0.3783169507645844,1.2255236322330982,0.8614643666625194,1.723141130753806
retained,pooled,35000,110,51,0.4636363636363636,0.3259065723881082,0.6518934983238179,0.3866973986492824,1.1989642683292563,0.8427948404268714,1.6857974752373672
retained,pooled,35000,110,51,0.4636363636363636,0.3259065723881082,0.6518934983238179,0.39526348956849483,1.172980494966815,0.8245299173568931,1.64926312580877
retained,pooled,35000,110,51,0.4636363636363636,0.3259065723881082,0.6518934983238179,0.4040193358723891,1.1475598380341003,0.8066608289536097,1.6135205433081568
retained,pooled,35000,110,51,0.4636363636363636,0.3259065723881082,0.6518934983238179,0.4129691410075964,1.1226900937565096,0.7891789967476366,1.5785525686817035
retained,pooled,35000,110,51,0.4636363636363636,0.3259065723881082,0.6518934983238179,0.42211720153517307,1.098359322837809,0.7720760281808888,1.5443424147440215
retained,pooled,35000,110,51,0.4636363636363636,0.3259065723881082,0.6518934983238179,0.43146790919326417,1.0745558447283978,0.7553437125775381,1.5108736581190798
retained,pooled,35000,110,51,0.4636363636363636,0.3259065723881082,0.6518934983238179,0.4410257530054594,1.0512682320177895,0.7389740172022877,1.4781302313557827
retained,pooled,35000,110,51,0.4636363636363636,0.3259065723881082,0.6518934983238179,0.4507953214358516,1.0284853049486213,0.7229590834040741,1.4460964152144216
retained,pooled,35000,110,51,0.4636363636363636,0.3259065723881082,0.6518934983238179,0.4607813045918368,1.0061961260495493,0.7072912228433367,1.4147568311202852
retained,pooled,35000,110,51,0.4636363636363636,0.3259065723881082,0.6518934983238179,0.4709884964757077,0.9843899948844648,0.6919629138010541,1.3840964337808213
retained,pooled,35000,110,51,0.4636363636363636,0.3259065723881082,0.6518934983238179,0.4814217972861255,0.9630564429155014,0.6769667975677693,1.3541005039627967
retained,pooled,35000,110,51,0.4636363636363636,0.3259065723881082,0.6518934983238179,0.49208621577057415,0.9421852284773716,0.6622956749108696,1.3247546414259872
retained,pooled,35000,110,51,0.4636363636363636,0.3259065723881082,0.6518934983238179,0.5029868716299246,0.921766331860619,0.6479425026184298,1.2960447580100107
retained,pooled,35000,110,51,0.4636363636363636,0.3259065723881082,0.6518934983238179,0.5141289979762667,0.9017899505014229,0.633900390117954,1.2679570708709778
retained,pooled,35000,110,51,0.4636363636363636,0.3259065723881082,0.6518934983238179,0.525517943845185,0.8822464942756524,0.6201625961683978,1.24047809586472
retained,pooled,35000,110,51,0.4636363636363636,0.3259065723881082,0.6518934983238179,0.5371591767636876,0.863126580894905,0.606722525623879,1.2135946410734137
retained,pooled,35000,110,51,0.4636363636363636,0.3259065723881082,0.6518934983238179,0.5490582853750189,0.8444210314023215,0.5935737262675252,1.187293800472495
retained,pooled,35000,110,51,0.4636363636363636,0.3259065723881082,0.6518934983238179,0.5612209821216161,0.8261208657660166,0.5807098857139389,1.161562947734825
retained,pooled,35000,110,51,0.4636363636363636,0.3259065723881082,0.6518934983238179,0.5736531059875011,0.8082172985680051,0.5681248283787889,1.136389730169127
retained,pooled,35000,110,51,0.4636363636363636,0.3259065723881082,0.6518934983238179,0.5863606253014186,0.7907017347865597,0.5558125125140795,1.1117620627897928
retained,pooled,35000,110,51,0.4636363636363636,0.3259065723881082,0.6518934983238179,0.5993496406020714,0.7735657656699715,0.5437670273076691,1.0876681225152052
retained,pooled,35000,110,51,0.4636363636363636,0.3259065723881082,0.6518934983238179,0.6126263875668242,0.7568011646997347,0.5319825900456482,1.064096342491794
retained,pooled,35000,110,51,0.4636363636363636,0.3259065723881082,0.6518934983238179,0.6261972400052849,0.7403998836412161,0.5204535433362142,1.0410354065411023
retained,pooled,35000,110,51,0.4636363636363636,0.3259065723881082,0.6518934983238179,0.6400687129192003,0.7243540486799129,0.5091743523937083,1.0184742437271892
retained,pooled,35000,110,51,0.4636363636363636,0.3259065723881082,0.6518934983238179,0.6542474656301328,0.7086559566414464,0.49813960238151495,0.9964020230417742
retained,pooled,35000,110,51,0.4636363636363636,0.3259065723881082,0.6518934983238179,0.6687403049764219,0.6932980712934751,0.48734399581254323,0.9748081482045591
retained,pooled,35000,110,51,0.4636363636363636,0.3259065723881082,0.6518934983238179,0.6835541885809645,0.6782730197277513,0.476782350006046,0.9536822525762396
retained,pooled,35000,110,51,0.4636363636363636,0.3259065723881082,0.6518934983238179,0.6986962281913823,0.6635735888205874,0.46644959459955465,0.9330141941817603
retained,pooled,35000,110,51,0.4636363636363636,0.3259065723881082,0.6518934983238179,0.7141736930941817,0.6491927217700268,0.4563407691147331,0.912794050841424
retained,pooled,35000,110,51,0.4636363636363636,0.3259065723881082,0.6518934983238179,0.7299940136045424,0.6351235147080645,0.44645102057598607,0.8930121154075195
retained,pooled,35000,110,51,0.4636363636363636,0.3259065723881082,0.6518934983238179,0.7461647846334124,0.6213592133862846,0.4367756011806758,0.873658891104182
retained,pooled,35000,110,51,0.4636363636363636,0.3259065723881082,0.6518934983238179,0.7626937693336209,0.6078932099333275,0.4273098660198294,0.8547250869682453
retained,pooled,35000,110,51,0.4636363636363636,0.3259065723881082,0.6518934983238179,0.7795889028267581,0.5947190396826286,0.4180492708482433,0.8362016133889005
retained,pooled,35000,110,51,0.4636363636363636,0.3259065723881082,0.6518934983238179,0.7968582960126162,0.5818303780689047,0.40898936990291224,0.818079577744017
retained,pooled,35000,110,51,0.4636363636363636,0.3259065723881082,0.6518934983238179,0.8145102394630129,0.5692210375919006,0.4001258137687386,0.8003502801310339
retained,pooled,35000,110,51,0.4636363636363636,0.3259065723881082,0.6518934983238179,0.8325532074018729,0.5568849648459364,0.39145434729049494,0.7830052091903712
retained,pooled,35000,110,51,0.4636363636363636,0.3259065723881082,0.6518934983238179,0.8509958617734752,0.5448162376138299,0.3829708075300378,0.766036038019353
retained,pooled,35000,110,51,0.4636363636363636,0.3259065723881082,0.6518934983238179,0.8698470564008185,0.5330090620237999,0.374671121767794,0.7494346201746881
retained,pooled,35000,110,51,0.4636363636363636,0.3259065723881082,0.6518934983238179,0.8891158412361065,0.5214577697679824,0.36655130554755583,0.7331929857615778
retained,pooled,35000,110,51,0.4636363636363636,0.3259065723881082,0.6518934983238179,0.9088114667053847,0.5101568153812298,0.35860746076365196,0.7173033376075859
retained,pooled,35000,110,51,0.4636363636363636,0.3259065723881082,0.6518934983238179,0.9289433881494226,0.4991007735788811,0.35083577378957076,0.7017580475194247
retained,pooled,35000,110,51,0.4636363636363636,0.3259065723881082,0.6518934983238179,0.9495212703629673,0.48828433665222937,0.3432325136471414,0.6865496526208653
retained,pooled,35000,110,51,0.4636363636363636,0.3259065723881082,0.6518934983238179,0.9705549922345541,0.4777023119204322,0.3357940302153908,0.6716708517700095
retained,pooled,35000,110,51,0.4636363636363636,0.3259065723881082,0.6518934983238179,0.9920546514890941,0.4673496192376459,0.32851675247821865,0.657114502054209
retained,pooled,35000,110,51,0.4636363636363636,0.3259065723881082,0.6518934983238179,1.014030569535521,0.45722128855418365,0.32139718681004903,0.6428736153609445
retained,pooled,35000,110,51,0.4636363636363636,0.3259065723881082,0.6518934983238179,1.0364932964218223,0.44731245753052823,0.31443191529863385,0.6289413550230203
retained,pooled,35000,110,51,0.4636363636363636,0.3259065723881082,0.6518934983238179,1.0594536158998336,0.4376183692030537,0.30761759410420586,0.6153110325364649
retained,pooled,35000,110,51,0.4636363636363636,0.3259065723881082,0.6518934983238179,1.082922550602229,0.4281343697003342,0.30095095185419013,0.601976104349559
retained,pooled,35000,110,51,0.4636363636363636,0.3259065723881082,0.6518934983238179,1.1069113673341908,0.4188559060089459,0.29442878807270645,0.5889301687214519
retained,pooled,35000,110,51,0.4636363636363636,0.3259065723881082,0.6518934983238179,1.1314315824822994,0.4097785237876873,0.2880479716441068,0.5761669626488586
retained,pooled,35000,110,51,0.4636363636363636,0.3259065723881082,0.6518934983238179,1.156494967543242,0.40089786522916965,0.2818054393098104,0.5636803588593594
retained,pooled,35000,110,51,0.4636363636363636,0.3259065723881082,0.6518934983238179,1.1821135547749906,0.3922096669677512,0.2756981941977164,0.551464362869862
retained,pooled,35000,110,51,0.4636363636363636,0.3259065723881082,0.6518934983238179,1.2082996429731678,0.38370975803280893,0.2697233043834852,0.5395131101088095
retained,pooled,35000,110,51,0.4636363636363636,0.3259065723881082,0.6518934983238179,1.2350658033753672,0.37539405784636803,0.26387790148300067,0.5278208631007585
retained,pooled,35000,110,51,0.4636363636363636,0.3259065723881082,0.6518934983238179,1.2624248856962665,0.36725857426412645,0.25815917927533616,0.5163820087119706
retained,pooled,35000,110,51,0.4636363636363636,0.3259065723881082,0.6518934983238179,1.2903900242964321,0.35929940165893265,0.2525643923555627,0.5051910554556976
retained,pooled,35000,110,51,0.4636363636363636,0.3259065723881082,0.6518934983238179,1.3189746444877692,0.35151271904580034,0.24709085481675483,0.4942426308558677
retained,pooled,35000,110,51,0.4636363636363636,0.3259065723881082,0.6518934983238179,1.348192468978658,0.34389478824755476,0.24173593896055753,0.48353147886790154
retained,pooled,35000,110,51,0.4636363636363636,0.3259065723881082,0.6518934983238179,1.378057524461855,0.33644195210023486,0.2364970740356996,0.4730524573554277
retained,pooled,35000,110,51,0.4636363636363636,0.3259065723881082,0.6518934983238179,1.4085841483483297,0.32915063269738765,0.23137174500384522,0.4628005356216821
retained,pooled,35000,110,51,0.4636363636363636,0.3259065723881082,0.6518934983238179,1.439786995650275,0.3220173296724102,0.22635749133219085,0.4527707919944036
retained,pooled,35000,110,51,0.4636363636363636,0.3259065723881082,0.6518934983238179,1.4716810460165812,0.3150386185181187,0.2214519058122301,0.44295841146307263
retained,pooled,35000,110,51,0.4636363636363636,0.3259065723881082,0.6518934983238179,1.5042816109241643,0.3082111489427341,0.21665263340411745,0.43335868336735384
retained,pooled,35000,110,51,0.4636363636363636,0.3259065723881082,0.6518934983238179,1.5376043410285951,0.30153164326149706,0.21195737010607676,0.4239669991356343
retained,pooled,35000,110,51,0.4636363636363636,0.3259065723881082,0.6518934983238179,1.571665233677558,0.29499689482313957,0.20736386184831204,0.41477885007257215
retained,pooled,35000,110,51,0.4636363636363636,0.3259065723881082,0.6518934983238179,1.6064806405907486,0.28860376647045766,0.20286990341088898,0.40578982519459317
retained,pooled,35000,110,51,0.4636363636363636,0.3259065723881082,0.6518934983238179,1.6420672757098942,0.28234918903424683,0.19847333736506817,0.396995609112296
retained,pooled,35000,110,51,0.4636363636363636,0.3259065723881082,0.6518934983238179,1.6784422232226706,0.2762301598598758,0.19417205303758128,0.3883919799587492
retained,pooled,35000,110,51,0.4636363636363636,0.3259065723881082,0.6518934983238179,1.7156229457643553,0.27024374136579377,0.18996398549735427,0.37997480736268785
retained,pooled,35000,110,51,0.4636363636363636,0.3259065723881082,0.6518934983238179,1.753627292801179,0.26438705963327486,0.18584711456418837,0.3717400504656309
retained,pooled,35000,110,51,0.4636363636363636,0.3259065723881082,0.6518934983238179,1.7924735091993687,0.258657303026728,0.18181946383892644,0.36368375598197517
retained,pooled,35000,110,51,0.4636363636363636,0.3259065723881082,0.6518934983238179,1.8321802439840191,0.25305172084390604,0.17787909975463684,0.3558020563011288
retained,pooled,35000,110,51,0.4636363636363636,0.3259065723881082,0.6518934983238179,1.8727665592919895,0.24756762199536717,0.17402413064835967,0.34809116763077513
retained,pooled,35000,110,51,0.4636363636363636,0.3259065723881082,0.6518934983238179,1.9142519395231228,0.2422023737125555,0.17025270585297037,0.34054738818037567
retained,pooled,35000,110,51,0.4636363636363636,0.3259065723881082,0.6518934983238179,1.9566563006941826,0.23695340028387954,0.16656301480872399,0.33316709638404
retained,pooled,35000,110,51,0.4636363636363636,0.3259065723881082,0.6518934983238179,2,0.2318181818181818,0.1629532861940541,0.32594674916190897
