sample,period,groom_income,n_own,n_lc,count_ratio,lower,upper
retained,pooled,7000,86,5,0.05813953488372093,0.018411791940329894,0.14100685656154224
retained,pooled,15000,85,25,0.29411764705882354,0.1803602749433736,0.46403270286403114
retained,pooled,35000,110,51,0.4636363636363636,0.3259065723881082,0.6518934983238179
retained,edition_1,7000,35,4,0.11428571428571428,0.029505742817056736,0.31962633404616686
retained,edition_1,15000,42,12,0.2857142857142857,0.13692665095663992,0.5527928470511899
retained,edition_1,35000,51,22,0.43137254901960786,0.24912500332655027,0.7241721308738749
retained,edition_2,7000,51,1,0.0196078431372549,4.869994685297282e-4,0.11427260539166577
retained,edition_2,15000,43,13,0.3023255813953488,0.14915059121157995,0.5727826852298167
retained,edition_2,35000,59,29,0.4915254237288136,0.30379058787216545,0.779128333878256
all_recorded,pooled,7000,97,5,0.05154639175257732,0.016369462440563757,0.12447444365736847
all_recorded,pooled,15000,98,36,0.3673469387755102,0.24345530720421804,0.5433069599745644
all_recorded,pooled,35000,121,73,0.6033057851239669,0.4448968335869462,0.8132746496926829
all_recorded,edition_1,7000,39,4,0.10256410256410256,0.026621623307675507,0.28427974678422196
all_recorded,edition_1,15000,47,17,0.3617021276595745,0.1947089468042618,0.6417022019021401
all_recorded,edition_1,35000,56,31,0.5535714285714286,0.3449778226789217,0.8734881607126607
all_recorded,edition_2,7000,58,1,0.017241379310344827,4.292074727439814e-4,0.09993568255373271
all_recorded,edition_2,15000,51,19,0.37254901960784315,0.20771658016228253,0.6419816285456047
all_recorded,edition_2,35000,65,42,0.6461538461538462,0.42758702737582244,0.9670981056433431
