responder_caste,groom_income,groom_caste,letters,denominator,share
HC,NA,HC,281,478,0.5878661087866108
HC,NA,MC,116,478,0.24267782426778242
HC,NA,LC,81,478,0.1694560669456067
HC,7000,HC,86,112,0.7678571428571429
HC,7000,MC,21,112,0.1875
HC,7000,LC,5,112,0.044642857142857144
HC,15000,HC,85,139,0.6115107913669064
HC,15000,MC,29,139,0.20863309352517986
HC,15000,LC,25,139,0.17985611510791366
HC,35000,HC,110,227,0.4845814977973568
HC,35000,MC,66,227,0.2907488986784141
HC,35000,LC,51,227,0.22466960352422907
MC,NA,HC,100,374,0.26737967914438504
MC,NA,MC,158,374,0.42245989304812837
MC,NA,LC,116,374,0.31016042780748665
MC,7000,HC,39,95,0.4105263157894737
MC,7000,MC,29,95,0.30526315789473685
MC,7000,LC,27,95,0.28421052631578947
MC,15000,HC,34,111,0.3063063063063063
MC,15000,MC,46,111,0.4144144144144144
MC,15000,LC,31,111,0.27927927927927926
MC,35000,HC,27,168,0.16071428571428573
MC,35000,MC,83,168,0.49404761904761907
MC,35000,LC,58,168,0.34523809523809523
LC,NA,HC,31,271,0.11439114391143912
LC,NA,MC,81,271,0.2988929889298893
LC,NA,LC,159,271,0.5867158671586716
LC,7000,HC,21,98,0.21428571428571427
LC,7000,MC,32,98,0.32653061224489793
LC,7000,LC,45,98,0.45918367346938777
LC,15000,HC,7,91,0.07692307692307693
LC,15000,MC,39,91,0.42857142857142855
LC,15000,LC,45,91,0.4945054945054945
LC,35000,HC,3,82,0.036585365853658534
LC,35000,MC,10,82,0.12195121951219512
LC,35000,LC,69,82,0.8414634146341463
