letter_id,responder_caste,repeat_letter,score,attribute_group
1,HC,FALSE,1.5917811953775398,T3
2,MC,FALSE,-1.655823688298046,T1
3,HC,FALSE,0.26693790062649,T2
4,HC,FALSE,2.3132274742128422,T3
5,MC,FALSE,2.692514314633096,T3
6,HC,FALSE,1.6154097389977675,T3
7,LC,FALSE,0.5506816451670582,T3
8,MC,FALSE,-0.22172264233113315,T2
9,HC,FALSE,-0.9896106396574136,T1
10,MC,FALSE,-0.0035077015191000835,T2
11,HC,FALSE,0.8871069281549131,T3
12,HC,FALSE,1.930909006279834,T3
13,HC,FALSE,1.9335971731915327,T3
14,HC,FALSE,0.5464581819516362,T3
15,MC,FALSE,1.7533061776564407,T3
16,HC,FALSE,3.5752032790523645,T3
17,MC,FALSE,2.1050775685560987,T3
18,HC,FALSE,2.024791171657218,T3
19,LC,FALSE,3.860695157469282,T3
20,HC,FALSE,0.5174320402192687,T3
21,HC,TRUE,1.9570197825251363,T3
22,HC,FALSE,2.9692791754811854,T3
23,MC,FALSE,2.058731300940265,T3
24,HC,FALSE,0.7789707299773327,T3
25,MC,FALSE,0.45435861602111666,T3
26,HC,FALSE,1.1205807735047013,T3
27,MC,FALSE,0.480469392266419,T3
28,HC,FALSE,1.7496567134206502,T3
29,HC,FALSE,2.8574935130678147,T3
30,HC,FALSE,3.4451361934314364,T3
31,HC,FALSE,1.8401766286468937,T3
32,MC,FALSE,2.39515658392812,T3
33,HC,FALSE,1.2385760725509467,T3
34,MC,FALSE,2.3695761777018687,T3
35,HC,FALSE,0.43736068644996434,T2
36,HC,FALSE,0.7789707299773327,T3
37,HC,FALSE,1.3594745816384675,T3
38,HC,FALSE,1.3333638053931651,T3
39,HC,TRUE,0.6888252322097869,T3
40,HC,FALSE,0.7509058855690567,T3
41,MC,FALSE,0.4164346707441755,T3
42,HC,FALSE,1.4550519883295827,T3
43,HC,FALSE,2.3394890866252003,T3
44,HC,TRUE,-1.2105737869563187,T1
45,HC,FALSE,-1.0302827914212267,T1
46,HC,FALSE,1.1240557769686579,T3
47,HC,FALSE,1.762213090043967,T3
48,HC,FALSE,1.5917811953775398,T3
49,HC,TRUE,1.2457439599050755,T3
50,HC,TRUE,1.2575571289367142,T3
51,MC,FALSE,2.0516015810807304,T3
52,HC,FALSE,0.03419815402542695,T2
53,MC,FALSE,0.764455033031255,T3
54,HC,FALSE,0.764455033031255,T3
55,HC,FALSE,-0.31899785995821384,T2
56,HC,FALSE,0.7454830854884398,T3
57,MC,FALSE,0.5750511908220132,T3
58,HC,FALSE,0.6275198916966737,T3
59,HC,FALSE,1.2648996863688753,T3
60,HC,FALSE,1.351926089919682,T3
61,HC,FALSE,2.771784316088317,T3
62,HC,FALSE,1.0292680441264395,T3
63,HC,FALSE,2.2698165218927633,T3
64,HC,FALSE,0.3561221010699444,T2
65,LC,FALSE,1.219633183659773,T3
66,HC,FALSE,0.3120206244146076,T2
67,HC,FALSE,-0.19092841691372675,T2
68,MC,FALSE,-0.831039798152009,T1
69,HC,FALSE,-1.2627953394469233,T1
70,HC,FALSE,-0.19558280743418904,T2
71,HC,FALSE,-0.20274158594536557,T2
72,HC,FALSE,0.9375872500551704,T3
73,MC,FALSE,-0.3712194124488186,T2
74,HC,FALSE,0.7319629966778831,T3
75,MC,FALSE,-0.1406609325860957,T2
76,HC,FALSE,0.49945044865218663,T3
77,HC,FALSE,1.1511278505380518,T3
78,HC,FALSE,0.044059460451042295,T2
79,MC,FALSE,0.017948684205739904,T2
80,HC,FALSE,-0.3640606339376422,T2
81,HC,FALSE,-0.1268936953914832,T2
82,HC,FALSE,2.0117786657603842,T3
83,HC,FALSE,0.6479859214457805,T3
84,HC,FALSE,1.861442375834021,T3
85,HC,FALSE,-0.3569309140781074,T2
86,HC,FALSE,-0.2288614710336203,T2
87,HC,FALSE,-1.8858318483330283,T1
88,HC,FALSE,0.5852125381943027,T3
89,HC,FALSE,1.018642056514206,T3
90,HC,FALSE,0.048495761239090523,T2
91,HC,FALSE,2.3895209462748768,T3
92,HC,FALSE,0.09725162841488967,T2
93,HC,FALSE,0.49848915132809507,T3
94,HC,FALSE,0.45861113788818025,T3
95,HC,FALSE,1.7819013920837679,T3
96,HC,FALSE,-0.19092841691372675,T2
97,HC,FALSE,2.159047254923053,T3
98,HC,FALSE,1.5321849802002947,T3
99,HC,FALSE,1.8001370353209079,T3
100,HC,TRUE,-0.9852200174417985,T1
101,HC,TRUE,-0.23075854622425818,T2
102,HC,FALSE,1.8967217286127307,T3
103,HC,FALSE,0.94720140809673,T3
104,HC,FALSE,1.0139677161850542,T3
105,HC,FALSE,-0.921185295919555,T1
106,HC,FALSE,-0.7645206384477409,T1
107,MC,FALSE,-0.1648176406684244,T2
108,HC,TRUE,0.13148248049546005,T2
109,HC,FALSE,2.0129344282121115,T3
110,HC,FALSE,2.2715577524831105,T3
111,MC,TRUE,1.2637346603151098,T3
112,HC,FALSE,-0.26950789403368974,T2
113,HC,FALSE,0.271365092571586,T2
114,HC,FALSE,0.7006384012414256,T3
115,HC,FALSE,0.2883942863513301,T2
116,HC,FALSE,1.6676312914883724,T3
117,HC,FALSE,0.12704617970741172,T2
118,MC,FALSE,0.5607557891652998,T3
119,HC,FALSE,0.9779956335141363,T3
120,HC,FALSE,-0.5581188666673464,T2
121,HC,FALSE,-1.8432535125356249,T1
122,HC,FALSE,-0.7408943003844631,T1
123,HC,TRUE,1.521571148033851,T3
124,HC,FALSE,-0.4894297546246406,T2
125,HC,FALSE,1.2673841245509,T3
126,HC,FALSE,1.7649156179584053,T3
127,HC,FALSE,2.1018712709653116,T3
128,MC,FALSE,1.8171371704490102,T3
129,HC,FALSE,2.4545169651212118,T3
130,HC,FALSE,0.5938194096351544,T3
131,MC,FALSE,1.2006521272740056,T3
132,MC,FALSE,1.0654529643699835,T3
133,HC,FALSE,1.5656704191322375,T3
134,HC,FALSE,0.7048709732998,T3
135,HC,FALSE,0.9896050738161012,T3
136,HC,FALSE,0.9230859141118328,T3
137,HC,FALSE,-0.44624410602716086,T2
138,HC,FALSE,1.2890586000081543,T3
139,HC,FALSE,0.648947218769872,T3
140,MC,FALSE,1.2673841245509,T3
141,HC,FALSE,0.6038935536333961,T3
142,HC,FALSE,0.31915945311709476,T2
143,HC,FALSE,3.6072856523894385,T3
144,HC,FALSE,1.0127714259226968,T3
145,HC,FALSE,2.406766024230085,T3
146,MC,FALSE,0.7327207745784994,T3
147,HC,TRUE,1.811746475622873,T3
148,HC,FALSE,0.7992399342827678,T3
149,HC,FALSE,0.3494936925778191,T2
150,HC,TRUE,2.777175010914455,T3
151,MC,FALSE,2.9728121143613495,T3
152,HC,FALSE,1.226762903519308,T3
153,MC,TRUE,2.3796503217001104,T3
154,LC,FALSE,2.0156225951238103,T3
155,MC,FALSE,3.5912490201423775,T3
156,HC,FALSE,2.114945778267716,T3
157,HC,FALSE,-1.1698725765408637,T1
158,HC,FALSE,0.6452634437226523,T3
159,HC,FALSE,0.4183887389071492,T2
160,MC,TRUE,2.613167796010479,T3
161,HC,FALSE,1.2999104717157017,T3
162,HC,TRUE,4.4828158382975305,T3
163,HC,FALSE,3.7048080184005747,T3
164,MC,FALSE,4.344919399638857,T3
165,MC,FALSE,3.3549906956638904,T3
166,HC,FALSE,2.148876798707811,T3
167,HC,FALSE,1.7676358901245834,T3
168,MC,FALSE,1.7506180107447418,T3
169,MC,FALSE,1.7245072344994394,T3
170,HC,FALSE,0.05338819130065624,T2
171,MC,TRUE,1.4116961341290721,T3
172,HC,FALSE,0.9592617255124246,T3
173,HC,FALSE,0.35707428955108367,T2
174,MC,TRUE,-0.24783341857643548,T2
175,MC,TRUE,-0.18379869705419205,T2
176,HC,FALSE,-0.13157714456358716,T2
177,MC,TRUE,0.7789707299773327,T3
178,HC,FALSE,0.34526112051944485,T2
179,MC,TRUE,1.2811422529025605,T3
180,MC,FALSE,-0.7760700391745323,T1
181,HC,FALSE,1.0683592210140966,T3
182,MC,FALSE,1.0683592210140966,T3
183,MC,FALSE,2.010980360049138,T3
184,MC,FALSE,2.215846835525809,T3
185,HC,FALSE,-0.6077738939951769,T2
186,HC,FALSE,-0.16482674951137666,T2
187,HC,FALSE,-0.6327581022068828,T1
188,LC,FALSE,0.2568637566282484,T2
189,HC,FALSE,1.8974213617909412,T3
190,MC,FALSE,2.0895255263576717,T3
191,MC,FALSE,-0.46875088730290737,T2
192,MC,FALSE,-0.5064276841957928,T2
193,HC,FALSE,-0.4803169079504904,T2
194,HC,FALSE,-0.5325384604410952,T2
195,HC,FALSE,-1.1465390654340752,T1
196,HC,FALSE,-0.9401372936536809,T1
197,HC,FALSE,-1.0041720151759244,T1
198,HC,TRUE,-0.4162821864282468,T2
199,MC,FALSE,0.6481987590184067,T3
200,HC,FALSE,-0.055947343742118995,T2
201,HC,FALSE,0.439842919075039,T3
202,HC,FALSE,-0.2549631384359703,T2
203,HC,FALSE,-0.5042577318573552,T2
204,HC,FALSE,0.04158413111196976,T2
205,MC,FALSE,0.015473354866667429,T2
206,HC,FALSE,-0.31899785995821384,T2
207,HC,FALSE,-0.03674819762393731,T2
208,MC,TRUE,-0.17936239626614373,T2
209,HC,FALSE,0.36151059033913197,T2
210,HC,FALSE,0.8075637388477097,T3
211,HC,FALSE,0.24082712438118764,T2
212,MC,FALSE,0.35708339839403597,T2
213,MC,FALSE,1.447675120085992,T3
214,MC,FALSE,0.9944631930662374,T3
215,HC,FALSE,0.1728957902390981,T2
216,HC,TRUE,1.6954902016100242,T3
217,MC,FALSE,1.6693794253647218,T3
218,MC,FALSE,1.2240603756048691,T3
219,HC,FALSE,0.2758357041710637,T2
220,MC,FALSE,-0.18376963840255028,T2
221,HC,FALSE,-1.4683739142517775,T1
222,MC,FALSE,1.6954902016100242,T3
223,HC,FALSE,1.7477117541006293,T3
224,HC,FALSE,0.951884857268834,T3
225,HC,TRUE,1.120362683772287,T3
226,HC,FALSE,-0.921185295919555,T1
227,HC,TRUE,-0.07467214290087842,T2
228,HC,FALSE,-0.6886727478938584,T1
229,HC,FALSE,-0.7147835241391608,T1
230,HC,FALSE,0.40930495088464064,T2
231,MC,FALSE,0.40930495088464064,T3
232,HC,FALSE,-0.5165018281940345,T2
233,HC,FALSE,-1.10107971863031,T1
234,HC,FALSE,-0.16947203118888673,T2
235,HC,FALSE,-1.8102767847356351,T1
236,MC,FALSE,-1.4430863349820153,T1
237,HC,FALSE,-0.4381694994581273,T2
238,HC,TRUE,-0.3337263944769178,T2
239,LC,FALSE,0.047761662490365425,T2
240,HC,FALSE,-0.5662389425026144,T2
241,MC,FALSE,0.16128634993713317,T2
242,HC,FALSE,-1.2220941290314684,T1
243,HC,FALSE,2.434656353319414,T3
244,MC,FALSE,-1.367238444428133,T1
245,HC,FALSE,-1.2603109012648985,T1
246,HC,FALSE,-1.2889061156922257,T1
247,HC,FALSE,-1.0302827914212267,T1
248,HC,FALSE,-0.6459159290045321,T1
249,HC,FALSE,-0.04164973652845542,T2
250,MC,TRUE,2.4796664440424228,T3
251,HC,FALSE,1.584644572232003,T3
252,HC,TRUE,-0.18379869705419205,T2
253,HC,TRUE,1.3755203227284805,T3
254,MC,FALSE,1.176495419191677,T3
255,HC,FALSE,-0.07715658108290324,T2
256,LC,FALSE,0.2433024537202601,T2
257,HC,FALSE,0.8050815062226352,T3
258,HC,FALSE,-0.8329459821855993,T1
259,MC,FALSE,0.0792609280048552,T2
260,MC,FALSE,-1.0231439627187395,T1
261,HC,FALSE,-0.03674819762393731,T2
262,HC,FALSE,-0.19092841691372675,T2
263,HC,FALSE,-0.02245059041027373,T2
264,HC,FALSE,-0.6103404191579512,T1
265,HC,TRUE,-0.5201949213904052,T2
266,HC,TRUE,0.4044034119801226,T2
267,MC,FALSE,1.1700997980808672,T3
268,HC,FALSE,0.2984807951015604,T2
269,HC,FALSE,0.06769490735727209,T2
270,MC,TRUE,-0.5581188666673464,T2
271,HC,FALSE,0.6770120631781481,T3
272,HC,FALSE,-1.49448469049708,T1
273,HC,FALSE,-0.4822709761134641,T2
274,HC,TRUE,0.655337587720894,T3
275,HC,FALSE,1.998735182827301,T3
276,HC,FALSE,2.0011739424368926,T3
277,HC,FALSE,0.3831941746393383,T2
278,HC,FALSE,0.7841845491684878,T3
279,LC,FALSE,-0.5273536999015818,T2
280,HC,FALSE,-0.6697207501597325,T1
281,HC,TRUE,2.8422582331348374,T3
282,HC,FALSE,1.3312060085005175,T3
283,HC,FALSE,2.2010983511984157,T3
284,LC,FALSE,2.1796710241252177,T3
285,HC,FALSE,2.2461901838294858,T3
286,HC,TRUE,2.013677635803789,T3
287,MC,TRUE,1.6350958354806187,T3
288,MC,TRUE,-0.2731209978461978,T2
289,LC,FALSE,3.4138642812513984,T3
290,MC,FALSE,0.39032389449887317,T3
291,HC,FALSE,0.14407316793020555,T2
292,MC,FALSE,0.31915945311709476,T2
293,HC,FALSE,-0.5913884214238253,T2
294,HC,FALSE,-0.07662621106385215,T2
295,MC,TRUE,0.26693790062649,T2
296,MC,FALSE,1.6801876681116887,T3
297,HC,FALSE,1.2934949007962024,T3
298,HC,FALSE,3.0001406544639497,T3
299,HC,FALSE,1.920834862281592,T3
300,HC,FALSE,1.7477574326730623,T3
301,HC,FALSE,2.501347822785679,T3
302,HC,FALSE,1.1977458706298927,T3
303,MC,FALSE,0.5373743939291277,T3
304,MC,FALSE,2.444689969507026,T3
305,HC,FALSE,0.8095086981677311,T3
306,HC,FALSE,1.4395459354077718,T3
307,HC,FALSE,0.43736068644996434,T2
308,MC,FALSE,0.508534236674695,T3
309,MC,FALSE,1.2999104717157017,T3
310,LC,FALSE,1.1105066295064596,T3
311,MC,FALSE,0.19303496939262899,T2
312,HC,FALSE,1.2324536392921197,T3
313,MC,TRUE,-0.10546636831828483,T2
314,MC,FALSE,4.4828158382975305,T3
315,HC,TRUE,-1.3573314594300845,T1
316,HC,FALSE,0.985372501757727,T3
317,LC,FALSE,1.0935086999353074,T3
318,MC,FALSE,1.2006521272740056,T3
319,HC,FALSE,1.6865832892224983,T3
320,HC,FALSE,0.47528463172690555,T3
321,MC,FALSE,1.3385485659326786,T3
322,MC,FALSE,0.4282478397758142,T3
323,HC,FALSE,1.0683592210140966,T3
324,MC,FALSE,1.042248444768794,T3
325,MC,FALSE,1.1585047187816424,T3
326,HC,FALSE,2.136329530927447,T3
327,MC,FALSE,2.316620526462539,T3
328,LC,TRUE,0.43736068644996434,T2
329,LC,TRUE,-0.2288614710336203,T2
330,LC,TRUE,0.35902835771405733,T2
331,LC,TRUE,0.9592617255124246,T3
332,MC,TRUE,0.1767832940159917,T2
333,MC,FALSE,-0.16482674951137666,T2
334,LC,FALSE,3.074770781160534,T3
335,MC,FALSE,2.672041381597987,T3
336,LC,FALSE,2.5077197647445977,T3
337,LC,TRUE,0.5940231383648283,T3
338,HC,TRUE,-1.9669414422074496,T1
339,HC,TRUE,-0.4642802757034296,T2
340,HC,FALSE,-0.6184604949932192,T1
341,MC,FALSE,0.08568560776730662,T2
342,LC,FALSE,-0.49039105194873206,T2
343,MC,FALSE,0.1758311055348526,T2
344,MC,FALSE,0.6452634437226523,T3
345,HC,FALSE,0.7617668661195562,T3
346,MC,FALSE,-1.2271082008419585,T1
347,LC,FALSE,0.2808957763588151,T2
348,HC,FALSE,-1.2627953394469233,T1
349,LC,TRUE,-1.0825043439118316,T1
350,MC,TRUE,-1.0041720151759244,T1
351,MC,FALSE,-1.6989323941145005,T1
352,HC,FALSE,-1.1204282891887727,T1
353,HC,FALSE,-1.236684563201621,T1
354,HC,FALSE,-0.59657318196333875,T2
355,HC,FALSE,0.5940231383648283,T3
356,HC,FALSE,-0.4704578070818253,T2
357,HC,TRUE,0.37605534593685114,T2
358,MC,FALSE,0.1317296288795157,T2
359,MC,TRUE,-0.19092841691372675,T2
360,HC,FALSE,-1.4683739142517775,T1
361,MC,FALSE,0.04158413111196976,T2
362,MC,FALSE,-0.59657318196333875,T2
363,MC,FALSE,-0.605686028637489,T2
364,HC,FALSE,-0.3992842568570947,T2
365,HC,FALSE,-1.397200364027047,T1
366,HC,FALSE,-0.5795752523921867,T2
367,MC,FALSE,-1.397200364027047,T1
368,MC,FALSE,0.24082712438118764,T2
369,LC,FALSE,0.26693790062649,T2
370,MC,FALSE,-0.34706270436648995,T2
371,HC,FALSE,0.5635308487468634,T3
372,HC,FALSE,0.6236232790768277,T3
373,HC,FALSE,1.0573328885347155,T3
374,MC,FALSE,1.6430215007353637,T3
375,HC,FALSE,1.72164665642776,T3
376,LC,FALSE,1.999380028590126,T3
377,HC,FALSE,-1.0257665012493158,T1
378,HC,FALSE,-0.9691833851947377,T1
379,HC,FALSE,-0.9401372936536809,T1
380,HC,FALSE,-0.39017141018294454,T2
381,HC,FALSE,-0.831039798152009,T1
382,HC,FALSE,-0.1406609325860957,T2
383,HC,FALSE,1.6954902016100242,T3
384,HC,FALSE,-0.2739151361700962,T2
385,LC,FALSE,-0.8428529671836479,T1
386,HC,FALSE,-0.7526617908436688,T1
387,LC,TRUE,0.5560991930878872,T3
388,HC,FALSE,-2.101876836806624,T1
389,MC,TRUE,-1.535185900912535,T1
390,LC,TRUE,-0.7788182456614045,T1
391,LC,FALSE,0.8193769078793485,T3
392,LC,FALSE,-0.4372082021340358,T2
393,HC,FALSE,-0.5965275033909055,T2
394,HC,FALSE,-2.2868222228621784,T1
395,HC,FALSE,-0.413797748246222,T2
396,MC,FALSE,0.3371410446841769,T2
397,HC,FALSE,0.6859098667227217,T3
398,HC,FALSE,-0.5426126044393369,T2
399,HC,FALSE,-0.09830758980710842,T2
400,HC,FALSE,1.2585644155374223,T3
401,LC,FALSE,-0.2857283052017351,T2
402,MC,FALSE,-1.6087868963469547,T1
403,HC,FALSE,-1.2484977322332598,T1
404,HC,FALSE,-1.0420959604528655,T1
405,MC,FALSE,-1.0159851842075631,T1
406,HC,FALSE,-0.45420613170518803,T2
407,HC,FALSE,-0.5586492366863975,T2
408,HC,FALSE,-1.3125324537555034,T1
409,MC,FALSE,0.8427873617671622,T3
410,LC,FALSE,1.684344587697755,T3
411,MC,TRUE,-0.24704658202417745,T2
412,HC,FALSE,-0.43990852449152446,T2
413,HC,FALSE,-0.9662480698989833,T1
414,MC,TRUE,-0.544351629472734,T2
415,HC,FALSE,-2.1472324377425416,T1
416,HC,FALSE,-0.055700195358063205,T2
417,HC,FALSE,0.9139518031489406,T3
418,HC,FALSE,-2.028198898591179,T1
419,HC,FALSE,-1.0800199057298068,T1
420,HC,FALSE,1.465656711653074,T3
421,LC,FALSE,-0.41205872321282494,T2
422,MC,TRUE,-0.6470557094205464,T1
423,MC,TRUE,-0.2667854163105614,T2
424,MC,FALSE,0.1595473249037361,T2
425,HC,FALSE,-2.1823791178809686,T1
426,HC,FALSE,-0.6933271384143208,T1
427,HC,FALSE,0.17656520428357764,T2
428,LC,FALSE,0.21121630834037614,T2
429,LC,TRUE,1.0265677217689508,T3
430,HC,TRUE,-0.8429910675321992,T1
431,HC,FALSE,-0.9519504626853197,T1
432,MC,FALSE,-0.921185295919555,T1
433,HC,FALSE,-2.4951780628055458,T1
434,HC,TRUE,0.10093540346210937,T2
435,HC,FALSE,0.985372501757727,T3
436,LC,FALSE,2.5932781255570396,T3
437,LC,FALSE,1.307049300418189,T3
438,HC,FALSE,1.9045801403021176,T3
439,HC,FALSE,0.8923207473460681,T3
440,HC,FALSE,-0.008152983196610146,T2
441,LC,TRUE,-0.716689708172751,T1
442,HC,FALSE,0.2930395680288401,T2
443,LC,TRUE,0.2930395680288401,T2
444,HC,FALSE,0.567912362119526,T3
445,HC,FALSE,-0.6103404191579512,T1
446,HC,FALSE,0.003660185835028613,T2
447,HC,TRUE,-1.4422631380064752,T1
448,HC,FALSE,-0.307184690926575,T2
449,MC,TRUE,-0.8167421909383454,T1
450,HC,FALSE,-0.8950745196742526,T1
451,HC,TRUE,-0.3399039258553134,T2
452,MC,TRUE,0.1839511813701205,T2
453,HC,FALSE,-0.18572370656552395,T2
454,HC,FALSE,1.0312221122894132,T3
455,HC,FALSE,-0.7265966931707996,T1
456,HC,FALSE,-0.712299085957136,T1
457,HC,TRUE,-0.7147835241391608,T1
458,LC,TRUE,1.6903199568323366,T3
459,HC,FALSE,0.6770120631781481,T3
460,MC,FALSE,0.6770120631781481,T3
461,HC,FALSE,-0.40642308555958173,T2
462,HC,TRUE,-1.9191014030895073,T1
463,HC,FALSE,-1.3051007980965272,T1
464,HC,FALSE,0.3524290078735735,T2
465,LC,TRUE,-0.23080643035364162,T2
466,HC,FALSE,-1.0745423182338043,T1
467,MC,TRUE,-0.2451040375673052,T2
468,LC,TRUE,1.0400762868734064,T3
469,HC,FALSE,0.7247951093237543,T3
470,HC,FALSE,0.39500734367097706,T2
471,MC,FALSE,2.1892851821667767,T3
472,MC,FALSE,1.4710886205766434,T3
473,MC,FALSE,-0.6275733416673694,T2
474,LC,FALSE,1.987566859558487,T3
475,MC,FALSE,2.058040776605007,T3
476,LC,FALSE,0.49476699948008257,T2
477,MC,FALSE,0.608538835310906,T3
478,HC,FALSE,0.2928015284877366,T2
479,MC,FALSE,0.3831941746393383,T2
480,HC,FALSE,-0.3731734806117923,T2
481,MC,FALSE,-0.8994560330469153,T1
482,HC,FALSE,1.7324092206022934,T3
483,HC,FALSE,0.028574671817973546,T2
484,HC,FALSE,-0.1667717088313981,T2
485,LC,FALSE,2.627465403224143,T3
486,HC,TRUE,1.9304871878177463,T3
487,LC,FALSE,2.2759940532711593,T3
488,MC,FALSE,1.2006521272740056,T3
489,MC,FALSE,-0.3190069688011663,T2
490,MC,FALSE,0.3147688309014797,T2
491,MC,FALSE,1.9415137296033256,T3
492,MC,FALSE,1.300871769039793,T3
493,HC,FALSE,0.7247951093237543,T3
494,HC,FALSE,0.6597990904774194,T3
495,MC,FALSE,0.9302156339713678,T3
496,MC,FALSE,1.5233101730672483,T3
497,MC,FALSE,1.6865832892224983,T3
498,LC,FALSE,1.9685858031727193,T3
499,MC,FALSE,0.7149360084550892,T3
500,HC,FALSE,0.2669287917835377,T2
501,MC,FALSE,0.1198874011962353,T2
502,MC,FALSE,1.0683592210140966,T3
503,MC,FALSE,1.7370545022798034,T3
504,MC,FALSE,0.30469468690323814,T2
505,MC,FALSE,-0.11260519702077199,T2
506,MC,FALSE,-0.1576879208088896,T2
507,LC,FALSE,0.2930395680288401,T2
508,MC,FALSE,-0.371228521291771,T2
509,LC,FALSE,2.004857926790311,T3
510,HC,FALSE,-3.246814384755189,T1
511,HC,FALSE,-2.1326420035723888,T1
512,HC,FALSE,-1.5826761201016522,T1
513,HC,FALSE,-2.289306661044203,T1
514,HC,FALSE,-1.106130681975109,T1
515,HC,FALSE,0.31667501493506994,T2
516,LC,FALSE,-0.4642802757034296,T2
517,MC,FALSE,0.5859030625295605,T3
518,MC,FALSE,0.5814758705844646,T3
519,MC,FALSE,1.0393421881246812,T3
520,MC,FALSE,-1.5826761201016522,T1
521,HC,FALSE,-1.274608508478562,T1
522,HC,FALSE,-0.4803169079504904,T2
523,HC,FALSE,-1.3908647824914107,T1
524,HC,FALSE,-0.5064276841957928,T2
525,HC,FALSE,-0.19831439400026965,T2
526,MC,FALSE,0.6600119280500456,T3
527,MC,FALSE,-2.652373090296411,T1
528,HC,FALSE,-2.652373090296411,T1
529,HC,FALSE,-0.9283241246220421,T1
530,MC,FALSE,0.6600119280500456,T3
531,HC,FALSE,0.046011323057065706,T2
532,MC,FALSE,0.5940231383648283,T3
533,MC,FALSE,-0.921185295919555,T1
534,HC,FALSE,-0.07467214290087842,T2
535,HC,FALSE,-0.307184690926575,T2
536,MC,FALSE,0.15784040512481814,T2
537,HC,FALSE,-0.8689637434289502,T1
538,MC,FALSE,-0.8689637434289502,T1
539,MC,FALSE,-0.8049290219067067,T1
540,MC,FALSE,-0.307184690926575,T2
541,MC,FALSE,-0.1648176406684244,T2
542,LC,FALSE,0.8095178070106834,T3
543,MC,FALSE,1.2459476886347494,T3
544,HC,FALSE,0.24057997599713193,T2
545,MC,FALSE,0.26420631406040945,T2
546,MC,FALSE,-0.5273536999015818,T2
547,MC,FALSE,-0.41109742588873344,T2
548,MC,FALSE,0.24082712438118764,T2
549,MC,FALSE,-0.6029087634989752,T2
550,HC,FALSE,0.575298339206069,T3
551,MC,FALSE,0.31667501493506994,T2
552,MC,FALSE,0.1767924028589441,T2
553,MC,FALSE,1.5496337868851768,T3
554,HC,FALSE,0.028574671817973546,T2
555,MC,FALSE,0.028574671817973546,T2
556,MC,FALSE,1.7595249231322678,T3
557,MC,FALSE,0.784942327069104,T3
558,HC,FALSE,-0.59657318196333875,T2
559,MC,FALSE,-0.9691833851947377,T1
560,MC,FALSE,-1.0825043439118316,T1
561,MC,FALSE,-0.59657318196333875,T2
562,HC,FALSE,-1.0825043439118316,T1
563,MC,FALSE,-0.831039798152009,T1
564,MC,FALSE,0.49945044865218663,T3
565,MC,FALSE,1.6954902016100242,T3
566,LC,FALSE,-1.6585810036278705,T1
567,HC,FALSE,-2.573510391541453,T1
568,MC,FALSE,-0.9472960721648573,T1
569,LC,FALSE,0.8474417522876245,T3
570,HC,FALSE,-2.4951780628055458,T1
571,HC,FALSE,-1.3573223505871321,T1
572,HC,FALSE,0.24798590289236405,T2
573,MC,FALSE,-0.2288523621906679,T2
574,HC,FALSE,-1.1006530944791066,T1
575,MC,FALSE,-0.3849866496434311,T2
576,HC,TRUE,-0.921185295919555,T1
577,HC,FALSE,-0.07932653342134083,T2
578,HC,TRUE,-1.3386432300008058,T1
579,HC,FALSE,-1.0420959604528655,T1
580,HC,FALSE,-0.06776051277375775,T2
581,MC,FALSE,-1.2964958215084428,T1
582,LC,FALSE,-1.0800199057298068,T1
583,HC,TRUE,-0.9709315190710874,T1
584,LC,FALSE,1.052162643757028,T3
585,HC,FALSE,-0.33082013783280506,T2
586,MC,FALSE,0.35902835771405733,T2
587,MC,FALSE,-0.024085792148831487,T2
588,MC,FALSE,-1.1204282891887727,T1
589,HC,FALSE,-1.0180639407222989,T1
590,HC,FALSE,-2.158752779817691,T1
591,MC,FALSE,-1.1204282891887727,T1
592,MC,FALSE,-1.068206736698168,T1
593,MC,FALSE,-1.416975558736713,T1
594,HC,FALSE,-3.069300654358611,T1
595,MC,FALSE,-1.0943175129434703,T1
596,HC,FALSE,1.2807204344404723,T3
597,HC,TRUE,1.3563554874217285,T3
598,MC,FALSE,1.330244711176426,T3
599,MC,TRUE,-1.3785212434407208,T1
600,HC,FALSE,-2.691845422069037,T1
601,HC,TRUE,-1.068206736698168,T1
602,HC,FALSE,-0.955983287363029,T1
603,HC,TRUE,-0.20274158594536557,T2
604,HC,FALSE,-0.6246380263716148,T1
605,HC,FALSE,-0.8922972545357388,T1
606,HC,TRUE,-1.977931414263548,T1
607,HC,TRUE,-1.3125324537555034,T1
608,HC,FALSE,-1.466419846088804,T1
609,HC,FALSE,-1.3237041071356999,T1
610,HC,FALSE,0.543542816464571,T3
611,MC,FALSE,0.059574831522004226,T2
612,MC,FALSE,-0.06849461152248279,T2
613,HC,FALSE,-0.3190069688011663,T2
614,HC,TRUE,-0.5254087405815604,T2
615,MC,FALSE,-1.4641461478825184,T1
616,HC,TRUE,-1.9951309749674873,T1
617,HC,FALSE,-0.2596175289564326,T2
618,HC,FALSE,-1.0302827914212267,T1
619,MC,FALSE,-1.4430863349820153,T1
620,MC,FALSE,-0.9401372936536809,T1
621,HC,TRUE,0.3367192262220888,T2
622,HC,FALSE,-0.6066473259615804,T2
623,HC,FALSE,-0.4162821864282468,T2
624,HC,FALSE,0.2793013894858692,T2
625,HC,FALSE,-1.4565607452201388,T1
626,HC,FALSE,-1.0917418789377435,T1
627,HC,FALSE,-0.8661864782904365,T1
628,HC,TRUE,0.08199251457093577,T2
629,HC,TRUE,-1.9191014030895073,T1
630,HC,FALSE,-1.0179392523705368,T1
631,MC,FALSE,-1.1979374209491398,T1
632,HC,FALSE,0.9636980263004727,T3
633,MC,TRUE,2.5237854556433,T3
634,HC,FALSE,0.3309635133057813,T2
635,MC,FALSE,1.1277395520158777,T3
636,MC,TRUE,-0.1576879208088896,T2
637,HC,TRUE,1.1439890218355646,T3
638,MC,TRUE,-2.471146043074979,T1
639,HC,FALSE,0.5066092271633632,T3
640,MC,FALSE,0.2597990719240028,T2
641,HC,TRUE,-0.44434703083652294,T2
642,MC,FALSE,-0.8689637434289502,T1
643,MC,TRUE,-1.5874074534031397,T1
644,HC,TRUE,0.41646372939581716,T2
645,MC,FALSE,-0.93022119981268,T1
646,MC,TRUE,-0.6364511954032537,T1
647,MC,TRUE,-0.8167421909383454,T1
648,MC,FALSE,-2.1464092407670012,T1
649,MC,FALSE,-1.1982302479056288,T1
650,MC,FALSE,-0.4940841451451029,T2
651,HC,TRUE,-0.7618003662815629,T1
652,HC,FALSE,-0.7384098622024383,T1
653,HC,TRUE,-2.717956198314339,T1
654,MC,TRUE,1.6432595402764671,T3
655,MC,FALSE,-0.23892650618890954,T2
656,MC,FALSE,-1.6392233242264553,T1
657,HC,FALSE,-0.6103404191579512,T1
658,MC,FALSE,-0.015320870550738946,T2
659,MC,FALSE,0.04871385097150453,T2
660,HC,TRUE,0.029770962080331004,T2
661,MC,FALSE,0.3974917818530019,T3
662,HC,FALSE,1.8486654946151417,T3
663,HC,FALSE,1.6730197807575597,T3
664,HC,FALSE,-1.2430201447372573,T1
665,MC,FALSE,1.8028395632353467,T3
666,LC,FALSE,2.1814649379719846,T3
667,MC,FALSE,-0.5957790436394403,T2
668,HC,TRUE,-1.9638354381826715,T1
669,MC,FALSE,0.07755400822593723,T2
670,MC,FALSE,0.3309726221487335,T2
671,MC,FALSE,-0.28302798284424635,T2
672,HC,FALSE,1.4302584186555891,T3
673,HC,FALSE,0.5913349714531296,T3
674,HC,FALSE,0.06574083919429836,T2
675,LC,TRUE,-0.19092841691372675,T2
676,LC,FALSE,-2.248898277585237,T1
677,LC,FALSE,2.4094541911417835,T3
678,HC,FALSE,0.2570696909148726,T2
679,MC,FALSE,2.8195695677908734,T3
680,LC,TRUE,1.6631606798888947,T3
681,LC,FALSE,1.9335971731915327,T3
682,HC,FALSE,0.43540661828699073,T2
683,LC,TRUE,0.47333056356393194,T2
684,MC,FALSE,-0.18379869705419205,T2
685,LC,TRUE,0.7789707299773327,T3
686,MC,FALSE,-0.5957790436394403,T2
687,LC,FALSE,1.2854548143447972,T3
688,LC,FALSE,-0.5633326858585017,T2
689,MC,FALSE,-1.4641461478825184,T1
690,LC,TRUE,2.251851860950656,T3
691,HC,FALSE,-1.184417332138583,T1
692,HC,FALSE,-1.5064795408528164,T1
693,MC,FALSE,0.03346405527670185,T2
694,MC,FALSE,0.47237837508279273,T3
695,LC,FALSE,-1.2678094112574134,T1
696,MC,FALSE,0.9491966903571353,T3
697,LC,FALSE,1.2457439599050755,T3
698,LC,FALSE,2.193968631338881,T3
699,MC,FALSE,-0.63449712724028,T1
700,MC,FALSE,-1.2248713941699823,T1
701,MC,FALSE,-1.1465390654340752,T1
702,MC,FALSE,-0.5064276841957928,T2
703,LC,FALSE,-1.3908647824914107,T1
704,LC,FALSE,-1.3908647824914107,T1
705,LC,FALSE,-0.59657318196333875,T2
706,LC,FALSE,-1.563375433672573,T1
707,MC,FALSE,-0.8950745196742526,T1
708,MC,FALSE,-1.0607750810391918,T1
709,LC,TRUE,-0.20274158594536557,T2
710,MC,FALSE,-0.7147835241391608,T1
711,LC,TRUE,-0.11259608817781963,T2
712,LC,TRUE,-0.1648176406684244,T2
713,HC,FALSE,-0.8950745196742526,T1
714,LC,TRUE,0.19576435040175927,T2
715,HC,FALSE,-2.6657346458237345,T1
716,MC,FALSE,0.35708339839403597,T2
717,MC,FALSE,0.40930495088464064,T3
718,LC,FALSE,0.9130117701135911,T3
719,LC,FALSE,1.8612364415473968,T3
720,HC,FALSE,-0.662561971648556,T1
721,LC,FALSE,1.3043467725037499,T3
722,LC,FALSE,0.2398658270570962,T2
723,LC,FALSE,0.2398658270570962,T2
724,LC,FALSE,1.3043467725037499,T3
725,LC,FALSE,1.6198460397858159,T3
726,MC,FALSE,-0.21281572994360715,T2
727,LC,FALSE,2.1678578550935788,T3
728,MC,FALSE,-1.3119108879127503,T1
729,LC,FALSE,-1.2627953394469233,T1
730,HC,FALSE,-2.1326420035723888,T1
731,LC,FALSE,-1.563375433672573,T1
732,LC,FALSE,-0.11259608817781963,T2
733,LC,FALSE,-0.20274158594536557,T2
734,MC,FALSE,1.7109727846861427,T3
735,LC,TRUE,-0.7951946093898035,T1
736,HC,FALSE,-0.3280907568236746,T2
737,MC,FALSE,-0.3280907568236746,T2
738,HC,FALSE,0.12263673201405474,T2
739,HC,FALSE,-1.2006576931153177,T1
740,MC,FALSE,-0.21703919315902914,T2
741,MC,FALSE,-0.39733018869412096,T2
742,HC,FALSE,-0.23794525905612868,T2
743,LC,TRUE,-0.9967403595169483,T1
744,MC,FALSE,-1.2240481971944421,T1
745,LC,FALSE,1.0400762868734064,T3
746,LC,FALSE,1.4097511748090508,T3
747,MC,FALSE,0.24082712438118764,T2
748,LC,FALSE,-0.12884776355445687,T2
749,HC,FALSE,1.6397792846527226,T3
750,MC,FALSE,-1.18231830401033,T1
751,MC,FALSE,-0.9359138304382589,T1
752,LC,FALSE,-0.7817336111484696,T1
753,LC,FALSE,-0.5515195168268627,T2
754,LC,FALSE,-1.236684563201621,T1
755,HC,TRUE,-0.7859570743638915,T1
756,LC,TRUE,-1.3386432300008058,T1
757,MC,FALSE,0.12239178918694936,T2
758,MC,TRUE,-1.0825043439118316,T1
759,HC,FALSE,-0.5083817523587665,T2
760,HC,TRUE,-0.6246380263716148,T1
761,HC,FALSE,-0.8549606722501845,T1
762,HC,FALSE,-0.6056660788287995,T2
763,MC,FALSE,-0.9359138304382589,T1
764,MC,FALSE,-0.45246710667179085,T2
765,MC,FALSE,-1.1305024331870146,T1
766,MC,FALSE,-0.6891036751988988,T1
767,HC,FALSE,-0.7977702433955304,T1
768,MC,TRUE,-1.850685168194601,T1
769,MC,FALSE,-1.928611815263219,T1
770,HC,FALSE,-0.6842455559487627,T1
771,MC,FALSE,-1.113427560834837,T1
772,MC,FALSE,0.5679145676764763,T3
773,LC,FALSE,2.5067584674205063,T3
774,HC,TRUE,0.6455105921067081,T3
775,MC,FALSE,-0.190407155737628,T2
776,MC,FALSE,-1.4850431049366657,T1
777,HC,TRUE,-1.9302730564697037,T1
778,HC,FALSE,-1.1077919231815938,T1
779,HC,FALSE,0.19108090122965526,T2
780,HC,TRUE,-2.0347161614509135,T1
781,LC,FALSE,3.140759570845751,T3
782,LC,FALSE,1.7055552367653135,T3
783,MC,FALSE,1.0536306864953926,T3
784,LC,FALSE,3.181167954304717,T3
785,MC,TRUE,-1.9932102686099922,T1
786,HC,FALSE,1.0114832780030294,T3
787,LC,TRUE,0.43540661828699073,T2
788,HC,TRUE,-0.3803123093142794,T2
789,HC,FALSE,-0.831039798152009,T1
790,MC,FALSE,-0.4679733688998005,T2
791,LC,TRUE,0.09380568360257453,T2
792,MC,FALSE,-0.9068876887058914,T1
793,MC,FALSE,-0.7408943003844631,T1
794,MC,FALSE,-0.7481911792441911,T1
795,MC,FALSE,-0.174891784666666,T2
796,MC,FALSE,-0.6507488026169173,T1
797,MC,TRUE,1.3006536793073789,T3
798,HC,FALSE,-0.752707469416102,T1
799,HC,FALSE,2.5107223336057105,T3
800,MC,TRUE,-1.4801870832834165,T1
801,MC,TRUE,-2.3458538651690057,T1
802,LC,FALSE,1.133711149107649,T3
803,MC,FALSE,-1.4233111402723493,T1
804,HC,FALSE,-0.41109742588873344,T2
805,HC,FALSE,-0.522148989553379,T2
806,HC,FALSE,-0.07662621106385215,T2
807,LC,FALSE,1.2646868487962493,T3
808,HC,FALSE,2.0018644667721506,T3
809,HC,FALSE,-1.0866952187467815,T1
810,HC,TRUE,0.9728230284204128,T3
811,LC,FALSE,-0.5795752523921867,T2
812,LC,FALSE,-0.25691720659894396,T2
813,LC,TRUE,-0.13092652006919256,T2
814,LC,FALSE,-0.34706270436648995,T2
815,MC,FALSE,-0.24261959938528038,T2
816,LC,TRUE,0.023006550836541267,T2
817,MC,FALSE,1.6656772233253987,T3
818,HC,FALSE,1.6730197807575597,T3
819,LC,FALSE,-0.20275069478831786,T2
820,LC,FALSE,1.6631606798888947,T3
821,LC,FALSE,0.7789707299773327,T3
822,LC,FALSE,1.5930356303623034,T3
823,LC,FALSE,1.0772661334016225,T3
824,HC,FALSE,-1.1465390654340752,T1
825,HC,FALSE,-1.547529439963225,T1
826,LC,FALSE,-0.831039798152009,T1
827,LC,FALSE,1.2457439599050755,T3
828,LC,FALSE,0.15490508982906367,T2
829,HC,FALSE,-2.1065312273270864,T1
830,MC,FALSE,-2.376967720629724,T1
831,MC,FALSE,-1.277092946660587,T1
832,MC,FALSE,-1.1465390654340752,T1
833,HC,FALSE,-2.0778448170760573,T1
834,MC,FALSE,-0.9662480698989833,T1
835,MC,FALSE,-0.921185295919555,T1
836,MC,FALSE,0.03909969292994506,T2
837,HC,FALSE,-0.49656858332712767,T2
838,MC,FALSE,-2.250852345748211,T1
839,MC,FALSE,0.2597990719240028,T2
840,MC,FALSE,-0.6246380263716148,T2
841,MC,FALSE,-0.4135818640707582,T2
842,LC,FALSE,0.537127245545072,T3
843,LC,FALSE,2.5417562062446453,T3
844,HC,FALSE,-0.2549631384359703,T2
845,LC,FALSE,0.08568560776730662,T2
846,LC,FALSE,0.2398658270570962,T2
847,HC,FALSE,0.013519286703693708,T2
848,LC,FALSE,-1.563375433672573,T1
849,LC,FALSE,-0.20274158594536557,T2
850,HC,FALSE,-0.8689637434289502,T1
851,LC,FALSE,0.015473354866667429,T2
852,LC,FALSE,-1.1149507016927702,T1
853,LC,FALSE,1.2088273012288422,T3
854,LC,TRUE,-0.2263770328515955,T2
855,LC,TRUE,-1.0302827914212267,T1
856,LC,TRUE,-0.07932653342134083,T2
857,MC,FALSE,-1.8102767847356351,T1
858,LC,FALSE,-1.5711557780265024,T1
859,MC,TRUE,-2.4030784968750263,T1
860,LC,FALSE,-0.04725326892721935,T2
861,MC,FALSE,-2.017018287997368,T1
862,LC,FALSE,-0.2687303756305828,T2
863,MC,FALSE,-3.0031212261356814,T1
864,MC,FALSE,-0.726605802013752,T1
865,MC,FALSE,1.4506685801041528,T3
866,MC,FALSE,-0.6625710804915084,T1
867,HC,FALSE,-0.9258396864400174,T1
868,MC,FALSE,-0.6226839582086412,T2
869,HC,FALSE,0.07212209930236803,T2
870,LC,FALSE,-1.1844630107110163,T1
871,LC,TRUE,1.2824594594738694,T3
872,HC,FALSE,-2.1093084924656003,T1
873,MC,FALSE,-1.2627953394469233,T1
874,MC,FALSE,-1.8266531484640343,T1
875,MC,FALSE,-2.4690672865602434,T1
876,MC,FALSE,0.7499536970879175,T3
877,LC,FALSE,1.7804654545998824,T3
878,LC,TRUE,0.598679734442241,T3
879,MC,FALSE,0.3073371752425037,T2
880,MC,FALSE,0.8573030587132399,T3
881,LC,FALSE,-1.2765625766415358,T1
882,LC,TRUE,-0.7408943003844631,T1
883,MC,TRUE,-0.5985272501263125,T2
884,LC,FALSE,-1.2622649694278723,T1
885,LC,TRUE,-2.136674828250098,T1
886,LC,FALSE,-0.9232640524342905,T1
887,MC,FALSE,-0.8637590330807474,T1
888,HC,FALSE,-1.7767343528313566,T1
889,HC,FALSE,-2.061468453347658,T1
890,MC,FALSE,-1.3521176402389294,T1
891,MC,FALSE,-2.639623869578432,T1
892,MC,FALSE,-1.7388104075544153,T1
893,MC,FALSE,0.4083145949089076,T3
894,MC,FALSE,-1.9852718740988222,T1
895,HC,FALSE,-1.1556040279788418,T1
896,HC,FALSE,-0.7788182456614045,T1
897,HC,FALSE,0.08199251457093577,T2
898,LC,FALSE,1.7548414739601637,T3
899,LC,FALSE,0.06898305527693945,T2
900,HC,FALSE,0.608538835310906,T3
901,MC,TRUE,-1.4494219165176518,T1
902,MC,TRUE,0.053927670162659716,T2
903,LC,FALSE,2.081245296206197,T3
904,LC,FALSE,3.458743276309842,T3
905,LC,FALSE,0.4874701206203547,T2
906,LC,TRUE,0.060536128846095674,T2
907,HC,FALSE,-1.0532875636417514,T1
908,LC,FALSE,-0.25691720659894396,T2
909,LC,FALSE,-0.4344309369955221,T2
910,HC,FALSE,-0.3731734806117923,T2
911,HC,FALSE,0.537127245545072,T3
912,LC,FALSE,1.0241069081917042,T3
913,HC,FALSE,-0.34511774504646864,T2
914,LC,FALSE,-0.82598883480721,T1
915,MC,FALSE,0.33810234200826833,T2
916,LC,FALSE,1.716430733077639,T3
917,MC,FALSE,0.5174320402192687,T3
918,LC,FALSE,1.7360932049557118,T3
919,LC,FALSE,0.7290185725391762,T3
920,HC,FALSE,-0.6270745804242561,T1
921,HC,TRUE,-0.40915246656871207,T2
922,MC,FALSE,0.43736068644996434,T3
923,LC,FALSE,-1.580402421895367,T1
924,LC,FALSE,0.1388593487390506,T2
925,LC,FALSE,-0.9516866943804725,T1
926,LC,FALSE,0.31915034427414246,T2
927,LC,FALSE,0.383185065796386,T2
928,HC,TRUE,-2.2268493846692854,T1
929,HC,TRUE,1.1474692774593094,T3
930,MC,FALSE,1.199690829949914,T3
931,MC,FALSE,0.43736068644996434,T3
932,LC,FALSE,1.0983537289934826,T3
933,MC,FALSE,-0.11260519702077199,T2
934,LC,FALSE,2.3346548012860406,T3
935,LC,FALSE,-1.1674650811398641,T1
936,HC,FALSE,-0.2621019671384574,T2
937,HC,FALSE,-1.8550666815672636,T1
938,HC,FALSE,-1.4691971112273177,T1
939,HC,FALSE,-1.1746039098423513,T1
940,HC,FALSE,-0.04856136665557612,T2
941,HC,FALSE,-0.9872987739565342,T1
942,HC,TRUE,-1.2691309209825596,T1
943,HC,FALSE,-1.0045117466572628,T1
944,MC,FALSE,-1.4009389264896523,T1
945,MC,FALSE,-0.37413477793588373,T2
946,MC,FALSE,0.26597660330239853,T2
947,MC,FALSE,0.1758311055348526,T2
948,LC,FALSE,2.3363356815970318,T3
949,MC,FALSE,-0.5015826551376179,T2
950,MC,FALSE,0.43715475216334027,T3
951,MC,TRUE,-0.6275733416673694,T2
952,LC,FALSE,1.9092345308225798,T3
953,LC,FALSE,-2.0922336201134226,T1
954,HC,FALSE,-1.8148399794323955,T1
955,HC,TRUE,-1.0825043439118316,T1
956,MC,FALSE,-1.3908647824914107,T1
957,HC,FALSE,-1.7368563393914418,T1
958,LC,FALSE,-2.068607282050145,T1
959,LC,FALSE,-1.3908647824914107,T1
960,LC,FALSE,-1.0302827914212267,T1
961,HC,FALSE,-0.055700195358063205,T2
962,MC,FALSE,-0.5064276841957928,T2
963,MC,FALSE,-1.416975558736713,T1
964,HC,FALSE,-0.11973491688030674,T2
965,HC,FALSE,-1.563375433672573,T1
966,MC,TRUE,-2.549478371810886,T1
967,LC,FALSE,-0.9872987739565342,T1
968,LC,FALSE,0.06769490735727209,T2
969,LC,FALSE,-0.57241647388101,T2
970,LC,FALSE,-1.7649211837997179,T1
971,MC,TRUE,-0.8428529671836479,T1
972,MC,FALSE,-0.9591092411964961,T1
973,LC,FALSE,-0.8428529671836479,T1
974,HC,FALSE,-0.8140219187721675,T1
975,LC,FALSE,-0.4704578070818253,T2
976,LC,FALSE,0.10537170425015753,T2
977,LC,FALSE,0.5940231383648283,T3
978,LC,FALSE,-0.25691720659894396,T2
979,LC,FALSE,-0.4894297546246406,T2
980,MC,FALSE,-0.1667717088313981,T2
981,MC,FALSE,-0.3731734806117923,T2
982,LC,FALSE,-0.28302798284424635,T2
983,LC,FALSE,-0.05532577789936597,T2
984,MC,FALSE,-1.326830060969167,T1
985,HC,FALSE,0.07561146376906498,T2
986,LC,FALSE,1.9774927155602453,T3
987,HC,FALSE,-0.6246380263716148,T1
988,HC,FALSE,-0.9445188070263436,T1
989,HC,FALSE,-2.160706847980665,T1
990,HC,FALSE,1.120362683772287,T3
991,HC,TRUE,0.05962051009443749,T2
992,MC,FALSE,2.2698165218927633,T3
993,HC,TRUE,0.6957780764343392,T3
994,MC,FALSE,-0.29032486170397415,T2
995,HC,TRUE,-0.580536549716278,T2
996,MC,FALSE,-0.580536549716278,T2
997,MC,FALSE,-1.2700922183066512,T1
998,HC,FALSE,-0.39017141018294454,T2
999,MC,TRUE,1.1962105743261695,T3
1000,MC,FALSE,-0.03674819762393731,T2
1001,MC,TRUE,-1.0563935676665293,T1
1002,MC,FALSE,-1.6324702273825682,T1
1003,MC,FALSE,-1.563375433672573,T1
1004,LC,FALSE,-0.8689637434289502,T1
1005,LC,FALSE,-0.20274158594536557,T2
1006,LC,FALSE,0.9257740810235316,T3
1007,HC,TRUE,0.21010763618785616,T2
1008,MC,TRUE,-1.0656311026924412,T1
1009,MC,TRUE,-1.6368517407552308,T1
1010,MC,TRUE,-0.7788182456614045,T1
1011,HC,FALSE,-0.6886727478938584,T1
1012,LC,FALSE,1.0400762868734064,T3
1013,MC,FALSE,-1.4233111402723493,T1
1014,LC,FALSE,0.8193769078793485,T3
1015,LC,FALSE,0.3686494190416189,T2
1016,LC,FALSE,-1.1844630107110163,T1
1017,LC,FALSE,-1.3125324537555034,T1
1018,LC,FALSE,-1.1322414582204117,T1
1019,HC,FALSE,-1.1844630107110163,T1
1020,MC,TRUE,-2.0661228438681203,T1
1021,MC,TRUE,-0.15052914229771308,T2
1022,MC,FALSE,-0.5111111333678968,T2
1023,MC,FALSE,-2.540240836784974,T1
1024,MC,FALSE,1.2240625811618193,T3
1025,MC,TRUE,2.1354118080168227,T3
1026,MC,FALSE,1.0979450007233555,T3
1027,HC,FALSE,-0.5283149972256733,T2
1028,MC,TRUE,-0.4381694994581273,T2
1029,MC,FALSE,-0.3859479469675225,T2
1030,MC,FALSE,-0.35983717072222016,T2
1031,MC,FALSE,-1.3080161635835925,T1
1032,LC,FALSE,-0.9448207428257851,T1
1033,LC,FALSE,-0.36874408310974616,T2
1034,HC,FALSE,-0.04857047549852845,T2
1035,LC,FALSE,0.4660015794497248,T2
1036,MC,TRUE,0.47528463172690555,T3
1037,HC,TRUE,-1.364754006246108,T1
1038,LC,FALSE,-0.9662480698989833,T1
1039,LC,FALSE,-1.454899504013654,T1
1040,MC,TRUE,-0.8997289101947149,T1
1041,HC,FALSE,-2.227643522993184,T1
1042,HC,FALSE,-0.978061238930622,T1
1043,HC,FALSE,-1.7956863505654825,T1
1044,HC,FALSE,0.5959772065278021,T3
1045,LC,FALSE,0.008087377780124501,T2
1046,HC,FALSE,-0.06776051277375775,T2
1047,LC,FALSE,-0.4280953554598857,T2
1048,MC,FALSE,-1.6324702273825682,T1
1049,LC,FALSE,-2.1754219705025792,T1
1050,LC,FALSE,-0.6950537986957294,T1
1051,MC,FALSE,2.0156225951238103,T3
1052,MC,TRUE,0.35902835771405733,T2
1053,MC,TRUE,-1.6581753219605813,T1
1054,HC,TRUE,-0.5586492366863975,T2
1055,LC,TRUE,-0.48790661376670724,T2
1056,HC,FALSE,0.6334502746910136,T3
1057,MC,FALSE,0.8678388235442269,T3
1058,MC,FALSE,-0.7645206384477409,T1
1059,HC,FALSE,-0.5201949213904052,T2
1060,MC,FALSE,0.6290139739029653,T3
1061,MC,FALSE,2.3311218624058765,T3
1062,LC,FALSE,0.09802914681799653,T2
1063,HC,FALSE,0.5814758705844646,T3
1064,LC,FALSE,-0.09655945593075885,T2
1065,HC,TRUE,-0.32907200395645547,T2
1066,LC,FALSE,1.357520513475494,T3
1067,HC,FALSE,1.177229517940402,T3
1068,MC,FALSE,0.31915034427414246,T2
1069,LC,FALSE,0.11523301067577295,T2
1070,HC,FALSE,-0.9634998634121112,T1
1071,MC,TRUE,2.3824057421771676,T3
1072,MC,FALSE,-0.20026846216324337,T2
1073,MC,TRUE,0.567912362119526,T3
1074,LC,FALSE,-1.011330793687101,T1
1075,HC,TRUE,-0.662561971648556,T1
1076,LC,FALSE,-0.7906314146930432,T1
1077,HC,FALSE,-0.6246380263716148,T1
1078,LC,TRUE,-1.3810056816227454,T1
1079,HC,TRUE,-0.8950745196742526,T1
1080,LC,FALSE,-0.831039798152009,T1
1081,HC,TRUE,-0.62215358818959,T1
1082,LC,FALSE,-2.4690672865602434,T1
1083,HC,TRUE,-1.1014762914546468,T1
1084,HC,FALSE,-0.7004859169254972,T1
1085,HC,TRUE,-0.9852200174417985,T1
1086,LC,FALSE,-0.7670050766297656,T1
1087,LC,FALSE,-0.6886727478938584,T1
1088,LC,FALSE,-1.445040403144989,T1
1089,HC,TRUE,-0.17391053753388516,T2
1090,HC,FALSE,-0.9852200174417985,T1
1091,MC,TRUE,-1.8407690743536,T1
1092,HC,FALSE,-0.20274158594536557,T2
1093,MC,TRUE,0.017957793048692244,T2
1094,HC,FALSE,-0.662561971648556,T1
1095,HC,TRUE,-0.8049290219067067,T1
1096,LC,TRUE,-0.4300494236228593,T2
1097,HC,FALSE,-0.921185295919555,T1
1098,LC,TRUE,0.19576435040175927,T2
1099,LC,FALSE,0.6671507567525328,T3
1100,MC,FALSE,0.8878501357465907,T3
1101,HC,TRUE,-0.1010300675302366,T2
1102,MC,FALSE,1.8587542089223221,T3
1103,MC,TRUE,4.017359814941097,T3
1104,LC,FALSE,-0.07969532355432098,T2
1105,MC,FALSE,1.7242891447670257,T3
1106,LC,TRUE,-0.3405923460316052,T2
1107,LC,FALSE,0.8377732899566721,T3
1108,HC,TRUE,-1.3810056816227454,T1
1109,LC,FALSE,-0.35283434477139747,T2
1110,LC,TRUE,-1.3197003411096324,T1
1111,HC,FALSE,-0.8546752450582391,T1
1112,HC,FALSE,-1.9290174969305083,T1
1113,LC,FALSE,-0.2687303756305828,T2
1114,LC,FALSE,1.8430619622163777,T3
1115,LC,FALSE,1.3637392589513209,T3
1116,MC,FALSE,2.5338305409899,T3
1117,MC,TRUE,-0.07662621106385215,T2
1118,MC,FALSE,-0.4894297546246406,T2
1119,HC,TRUE,-0.2687303756305828,T2
1120,HC,FALSE,-1.3213524734731645,T1
1121,MC,FALSE,1.177025789210728,T3
1122,LC,TRUE,2.0614628875063454,T3
1123,MC,TRUE,2.0875736637516478,T3
1124,MC,FALSE,1.219633183659773,T3
1125,MC,FALSE,0.30908530911885307,T2
1126,MC,FALSE,-1.0776593148536566,T1
1127,HC,FALSE,0.41352841410006264,T2
1128,HC,FALSE,0.5298303666853442,T3
1129,MC,FALSE,-0.47256562224820253,T2
1130,LC,TRUE,-0.6436099739144301,T2
1131,MC,TRUE,0.37138100560769954,T2
1132,HC,FALSE,-1.254833313768896,T1
1133,HC,FALSE,-0.32095192812118756,T2
1134,MC,TRUE,0.6056782572392264,T3
1135,MC,FALSE,1.5942656335595646,T3
1136,HC,FALSE,2.1036102959987084,T3
1137,LC,TRUE,4.048372130090917,T3
1138,HC,FALSE,2.1154234650303474,T3
1139,LC,FALSE,0.9391225463588936,T3
1140,MC,FALSE,-0.4023576725014006,T2
1141,MC,TRUE,0.1284545821024227,T2
1142,MC,FALSE,3.0486600049152317,T3
1143,MC,FALSE,1.2932820632235764,T3
1144,MC,FALSE,1.1674116311691682,T3
1145,MC,FALSE,1.3501870648862848,T3
1146,HC,FALSE,1.183448263416229,T3
1147,LC,FALSE,1.7282439021092777,T3
1148,MC,FALSE,-1.4233111402723493,T1
1149,MC,FALSE,-2.248898277585237,T1
1150,LC,FALSE,0.5203474057063339,T2
1151,MC,FALSE,-0.2948502607188377,T2
1152,LC,FALSE,3.6887713861535136,T3
1153,HC,FALSE,-0.12267934101901357,T2
1154,LC,FALSE,1.6272229080294065,T3
1155,LC,FALSE,-0.041431646796041284,T2
1156,LC,FALSE,0.6247905106875433,T3
1157,MC,FALSE,0.7789707299773327,T3
1158,HC,FALSE,0.16293704704205053,T2
1159,HC,TRUE,0.1388593487390506,T2
1160,HC,FALSE,-1.466419846088804,T1
1161,HC,TRUE,-0.9134049515656255,T1
1162,LC,FALSE,0.7878776423648586,T3
1163,HC,TRUE,-1.51101910438272,T1
1164,MC,FALSE,-1.274608508478562,T1
1165,HC,FALSE,-0.7598462981185892,T1
1166,LC,FALSE,-0.2621019671384574,T2
1167,LC,FALSE,-0.20988041464785262,T2
1168,LC,FALSE,-1.597266554271805,T1
1169,LC,FALSE,-1.4691971112273177,T1
1170,MC,FALSE,-1.6985837054195472,T1
1171,LC,FALSE,-0.2621019671384574,T2
1172,MC,FALSE,-1.0302827914212267,T1
1173,MC,FALSE,-1.2105737869563187,T1
1174,MC,FALSE,-0.8761025721314374,T1
1175,HC,FALSE,-0.8761025721314374,T1
1176,LC,FALSE,-1.3810056816227454,T1
1177,LC,FALSE,-2.136674828250098,T1
1178,LC,FALSE,-0.5626820613641068,T2
1179,LC,FALSE,-1.0015963811701978,T1
1180,LC,FALSE,-0.8571505743973115,T1
1181,MC,FALSE,-0.354201533068977,T2
1182,LC,FALSE,-1.7910319600450202,T1
1183,HC,FALSE,-0.3280907568236746,T2
1184,LC,FALSE,-0.6886727478938584,T1
1185,LC,FALSE,0.5895959464197326,T3
1186,LC,FALSE,-2.027577332748426,T1
1187,LC,FALSE,-0.564984818222034,T2
1188,MC,FALSE,-1.8242815649928097,T1
1189,HC,FALSE,-0.6320240034581578,T1
1190,HC,FALSE,-0.5083817523587665,T2
1191,HC,FALSE,-1.1126479448348432,T1
1192,HC,FALSE,0.015473354866667429,T2
1193,MC,FALSE,-0.16773300615548953,T2
1194,MC,FALSE,-0.4002455541811862,T2
1195,MC,FALSE,-1.8148399794323955,T1
1196,HC,FALSE,-2.0086053852056107,T1
1197,HC,FALSE,-1.1077919231815938,T1
1198,MC,FALSE,-2.4690672865602434,T1
1199,MC,FALSE,-1.3782284164842318,T1
1200,HC,TRUE,-1.2908601838551994,T1
1201,HC,TRUE,-1.4565607452201388,T1
1202,LC,FALSE,-0.6886270693214251,T2
1203,MC,FALSE,0.09185161543960081,T2
1204,MC,FALSE,-0.12884776355445687,T2
1205,MC,TRUE,-1.0539091294845044,T1
1206,HC,FALSE,-1.2484977322332598,T1
1207,LC,FALSE,-1.0088554643480285,T1
1208,LC,TRUE,-1.010934220862764,T1
1209,LC,FALSE,-1.7344288941817527,T1
1210,HC,FALSE,-1.236684563201621,T1
1211,HC,TRUE,-0.7194379146596231,T1
1212,LC,FALSE,-1.1440546272520504,T1
1213,MC,FALSE,-1.2603109012648985,T1
1214,HC,FALSE,-0.9258396864400174,T1
1215,HC,TRUE,-2.0020881223458766,T1
1216,HC,TRUE,-1.1726498416793776,T1
1217,LC,FALSE,-0.1722036177549672,T2
1218,LC,TRUE,-0.4324859776755007,T2
1219,LC,FALSE,1.53664648295682,T3
1220,LC,FALSE,2.2886107801738316,T3
1221,LC,FALSE,-1.4604573578399849,T1
1222,LC,TRUE,0.25838689748618165,T2
1223,MC,TRUE,0.21375505081179386,T2
1224,MC,FALSE,1.3304575487490522,T3
1225,MC,FALSE,-1.2600180743084095,T1
1226,LC,TRUE,-1.7065220999307174,T1
1227,MC,FALSE,-0.6032106992984165,T2
1228,MC,TRUE,1.9335971731915327,T3
1229,MC,FALSE,-0.9329984649511938,T1
1230,MC,FALSE,0.37137189676474724,T2
1231,LC,FALSE,0.5363840379533946,T2
1232,HC,FALSE,-1.7391501390357538,T1
1233,MC,FALSE,0.6125442087939139,T3
1234,MC,FALSE,-0.6743751406801948,T1
1235,LC,FALSE,1.5883612900331516,T3
1236,LC,FALSE,-0.7977993020471719,T1
1237,HC,FALSE,0.0866377962484458,T2
1238,MC,TRUE,0.6038844447904438,T3
1239,MC,TRUE,0.7528599537320304,T3
1240,LC,FALSE,-1.0464774738255282,T1
1241,HC,FALSE,-0.6507488026169173,T1
1242,LC,FALSE,1.120362683772287,T3
1243,MC,FALSE,-1.5372646574272706,T1
1244,LC,FALSE,-3.0211119265457156,T1
1245,LC,FALSE,-1.7767343528313566,T1
1246,MC,FALSE,-0.7788182456614045,T1
1247,HC,FALSE,-0.4940841451451029,T2
1248,LC,FALSE,-0.9448116339828325,T1
1249,LC,TRUE,-0.7408943003844631,T1
1250,MC,TRUE,-0.712299085957136,T1
1251,HC,TRUE,-0.7265966931707996,T1
1252,HC,FALSE,-0.3517170948869522,T2
1253,HC,FALSE,-0.7265966931707996,T1
1254,HC,FALSE,-1.2243410241509312,T1
1255,MC,TRUE,-0.008152983196610146,T2
1256,MC,TRUE,-0.970629583271646,T1
1257,MC,TRUE,0.24798590289236405,T2
1258,LC,TRUE,-1.274078138459511,T1
1259,LC,FALSE,-0.9287750017357718,T1
1260,HC,TRUE,0.35955872773310843,T2
1261,MC,TRUE,-0.21703919315902914,T2
1262,HC,TRUE,-0.6815430280343235,T1
1263,HC,FALSE,-1.3051099069394798,T1
1264,LC,FALSE,-0.5886681492576474,T2
1265,LC,FALSE,0.8715984603699531,T3
1266,MC,FALSE,0.11796239168490315,T2
1267,MC,FALSE,-0.7428483685474369,T1
1268,LC,TRUE,0.43715475216334027,T2
1269,LC,FALSE,-0.03621782760488621,T2
1270,LC,FALSE,0.7580737729231855,T3
1271,MC,FALSE,-0.28302798284424635,T2
1272,HC,FALSE,-0.425395033102397,T2
1273,LC,FALSE,-0.4608345401973134,T2
1274,HC,FALSE,-0.24261959938528038,T2
1275,LC,FALSE,0.5228296383314084,T2
1276,LC,FALSE,-1.075374624052297,T1
1277,LC,FALSE,3.4082607488526344,T3
1278,LC,FALSE,-1.2198204308251832,T1
1279,LC,FALSE,-0.4798625011079305,T2
1280,LC,FALSE,1.9570197825251363,T3
1281,LC,FALSE,-1.2674787886190275,T1
1282,LC,FALSE,-0.6127769732105925,T2
1283,LC,FALSE,-0.041431646796041284,T2
1284,MC,FALSE,-0.42034406975759786,T2
1285,MC,FALSE,-0.2288614710336203,T2
1286,LC,FALSE,0.9391225463588936,T3
1287,HC,FALSE,-0.4894098048159512,T2
1288,HC,FALSE,-0.5795553025834972,T2
1289,HC,FALSE,-0.5482597657986814,T2
1290,MC,FALSE,-0.4642802757034296,T2
1291,MC,FALSE,-1.3602377160741972,T1
1292,MC,FALSE,-2.00034909731248,T1
1293,LC,FALSE,-0.6184604949932192,T2
1294,LC,FALSE,-0.08474628689912003,T2
1295,LC,FALSE,-0.32672356852609513,T2
1296,LC,FALSE,-1.2105737869563187,T1
1297,LC,FALSE,-1.3908647824914107,T1
1298,LC,FALSE,-1.0041720151759244,T1
1299,LC,FALSE,-1.236684563201621,T1
1300,MC,FALSE,-1.7866504466723576,T1
1301,LC,FALSE,-0.7147835241391608,T1
1302,LC,FALSE,-0.7788182456614045,T1
1303,LC,FALSE,-2.4690672865602434,T1
1304,LC,FALSE,-0.8428529671836479,T1
1305,LC,FALSE,-0.7147835241391608,T1
1306,LC,FALSE,-0.8428529671836479,T1
1307,LC,FALSE,-0.662561971648556,T2
1308,LC,FALSE,-1.4972619556355937,T1
1309,MC,FALSE,-1.9452121793348096,T1
1310,LC,FALSE,-1.5992206224347785,T1
1311,LC,FALSE,-0.5867140810946736,T2
1312,LC,FALSE,-0.4704578070818253,T2
1313,LC,FALSE,-0.3731734806117923,T2
1314,MC,FALSE,-1.6063594511372656,T1
1315,MC,FALSE,-0.5329115537279125,T2
1316,HC,FALSE,-2.0347161614509135,T1
1317,LC,FALSE,-0.9855597489231369,T1
1318,MC,FALSE,-1.2627953394469233,T1
1319,MC,FALSE,-2.0113826503441246,T1
1320,MC,FALSE,-1.0563935676665293,T1
1321,LC,FALSE,-1.7795116179698702,T1
1322,MC,FALSE,-0.921185295919555,T1
1323,MC,FALSE,-0.07662621106385215,T2
1324,MC,FALSE,-0.6563844402701604,T1
1325,MC,FALSE,1.5408140778716988,T3
1326,MC,FALSE,0.8031367562088125,T3
1327,MC,FALSE,0.04950068752376255,T2
1328,MC,TRUE,-0.20565695143243068,T2
1329,MC,FALSE,-0.17663991854301553,T2
1330,LC,FALSE,-1.2647015234805137,T1
1331,LC,FALSE,0.20928443921231615,T2
1332,LC,TRUE,-1.3386432300008058,T1
1333,LC,FALSE,-1.9004222825031811,T1
1334,LC,FALSE,-1.8886091134715424,T1
1335,MC,FALSE,-1.4646808210554068,T1
1336,MC,FALSE,0.059574831522004226,T2
1337,MC,TRUE,-1.014246159174166,T1
1338,LC,FALSE,-0.9051007795431107,T1
1339,MC,TRUE,-0.4347328727949634,T2
1340,MC,TRUE,0.15315695595271417,T2
1341,MC,FALSE,-1.4589323286913634,T1
1342,MC,FALSE,-0.712299085957136,T1
1343,MC,TRUE,-0.712299085957136,T1
1344,MC,FALSE,-0.9615936793785209,T1
1345,MC,FALSE,-2.227801573150425,T1
1346,LC,FALSE,-0.9072274201872299,T1
1347,MC,TRUE,-2.198630793257606,T1
1348,MC,FALSE,0.518175247810946,T3
1349,HC,FALSE,-0.7455777495565672,T1
1350,MC,TRUE,-0.449030480008627,T2
1351,LC,FALSE,-0.716689708172751,T1
1352,LC,FALSE,-0.36873497426679375,T2
1353,LC,FALSE,-1.0844584120748053,T1
1354,LC,TRUE,-1.5846301882646259,T1
1355,LC,TRUE,-0.8925900814922277,T1
1356,LC,FALSE,-1.5874074534031397,T1
1357,LC,FALSE,-1.4307427959313255,T1
1358,MC,FALSE,-0.2497584280877675,T2
1359,MC,TRUE,-1.712699631309113,T1
1360,MC,TRUE,-1.4683739142517775,T1
1361,MC,TRUE,1.1294876858922271,T3
1362,LC,FALSE,1.9940060550827636,T3
1363,LC,FALSE,-0.043385714959015005,T2
1364,LC,FALSE,-0.25691720659894396,T2
1365,MC,TRUE,-1.1034303596176207,T1
1366,LC,FALSE,-0.22131916622079426,T2
