responder_caste,edition,groom_caste,attribute,letters,missing,fraction_missing
HC,1,HC,age,128,1,0.0078125
HC,1,HC,complexion,128,17,0.1328125
HC,1,HC,education,128,1,0.0078125
HC,1,HC,father_absent,128,0,0
HC,1,HC,girl_working,128,0,0
HC,1,HC,height_in,128,4,0.03125
HC,1,HC,looks,128,24,0.1875
HC,1,HC,own_car,128,75,0.5859375
HC,1,HC,own_residence,128,75,0.5859375
HC,1,HC,unmdaughters,128,0,0
HC,1,LC,age,38,3,0.07894736842105263
HC,1,LC,complexion,38,10,0.2631578947368421
HC,1,LC,education,38,0,0
HC,1,LC,father_absent,38,0,0
HC,1,LC,girl_working,38,0,0
HC,1,LC,height_in,38,3,0.07894736842105263
HC,1,LC,looks,38,4,0.10526315789473684
HC,1,LC,own_car,38,34,0.8947368421052632
HC,1,LC,own_residence,38,34,0.8947368421052632
HC,1,LC,unmdaughters,38,0,0
HC,1,MC,age,52,2,0.038461538461538464
HC,1,MC,complexion,52,12,0.23076923076923078
HC,1,MC,education,52,0,0
HC,1,MC,father_absent,52,0,0
HC,1,MC,girl_working,52,0,0
HC,1,MC,height_in,52,3,0.057692307692307696
HC,1,MC,looks,52,13,0.25
HC,1,MC,own_car,52,46,0.8846153846153846
HC,1,MC,own_residence,52,46,0.8846153846153846
HC,1,MC,unmdaughters,52,0,0
HC,2,HC,age,153,1,0.006535947712418301
HC,2,HC,complexion,153,15,0.09803921568627451
HC,2,HC,education,153,0,0
HC,2,HC,father_absent,153,0,0
HC,2,HC,girl_working,153,0,0
HC,2,HC,height_in,153,0,0
HC,2,HC,looks,153,19,0.12418300653594772
HC,2,HC,own_car,153,0,0
HC,2,HC,own_residence,153,0,0
HC,2,HC,unmdaughters,153,0,0
HC,2,LC,age,43,0,0
HC,2,LC,complexion,43,1,0.023255813953488372
HC,2,LC,education,43,1,0.023255813953488372
HC,2,LC,father_absent,43,0,0
HC,2,LC,girl_working,43,0,0
HC,2,LC,height_in,43,0,0
HC,2,LC,looks,43,3,0.06976744186046512
HC,2,LC,own_car,43,0,0
HC,2,LC,own_residence,43,0,0
HC,2,LC,unmdaughters,43,0,0
HC,2,MC,age,64,3,0.046875
HC,2,MC,complexion,64,7,0.109375
HC,2,MC,education,64,0,0
HC,2,MC,father_absent,64,0,0
HC,2,MC,girl_working,64,0,0
HC,2,MC,height_in,64,0,0
HC,2,MC,looks,64,7,0.109375
HC,2,MC,own_car,64,0,0
HC,2,MC,own_residence,64,0,0
HC,2,MC,unmdaughters,64,0,0
LC,1,HC,age,16,0,0
LC,1,HC,complexion,16,0,0
LC,1,HC,education,16,0,0
LC,1,HC,father_absent,16,0,0
LC,1,HC,girl_working,16,0,0
LC,1,HC,height_in,16,0,0
LC,1,HC,looks,16,4,0.25
LC,1,HC,own_car,16,9,0.5625
LC,1,HC,own_residence,16,9,0.5625
LC,1,HC,unmdaughters,16,0,0
LC,1,LC,age,91,1,0.01098901098901099
LC,1,LC,complexion,91,4,0.04395604395604396
LC,1,LC,education,91,1,0.01098901098901099
LC,1,LC,father_absent,91,0,0
LC,1,LC,girl_working,91,0,0
LC,1,LC,height_in,91,2,0.02197802197802198
LC,1,LC,looks,91,9,0.0989010989010989
LC,1,LC,own_car,91,63,0.6923076923076923
LC,1,LC,own_residence,91,63,0.6923076923076923
LC,1,LC,unmdaughters,91,0,0
LC,1,MC,age,50,0,0
LC,1,MC,complexion,50,3,0.06
LC,1,MC,education,50,0,0
LC,1,MC,father_absent,50,0,0
LC,1,MC,girl_working,50,0,0
LC,1,MC,height_in,50,0,0
LC,1,MC,looks,50,18,0.36
LC,1,MC,own_car,50,37,0.74
LC,1,MC,own_residence,50,37,0.74
LC,1,MC,unmdaughters,50,0,0
LC,2,HC,age,15,0,0
LC,2,HC,complexion,15,1,0.06666666666666667
LC,2,HC,education,15,0,0
LC,2,HC,father_absent,15,0,0
LC,2,HC,girl_working,15,0,0
LC,2,HC,height_in,15,0,0
LC,2,HC,looks,15,1,0.06666666666666667
LC,2,HC,own_car,15,0,0
LC,2,HC,own_residence,15,0,0
LC,2,HC,unmdaughters,15,0,0
LC,2,LC,age,68,0,0
LC,2,LC,complexion,68,0,0
LC,2,LC,education,68,0,0
LC,2,LC,father_absent,68,0,0
LC,2,LC,girl_working,68,0,0
LC,2,LC,height_in,68,0,0
LC,2,LC,looks,68,0,0
LC,2,LC,own_car,68,0,0
LC,2,LC,own_residence,68,0,0
LC,2,LC,unmdaughters,68,0,0
LC,2,MC,age,31,0,0
LC,2,MC,complexion,31,0,0
LC,2,MC,education,31,0,0
LC,2,MC,father_absent,31,0,0
LC,2,MC,girl_working,31,0,0
LC,2,MC,height_in,31,0,0
LC,2,MC,looks,31,0,0
LC,2,MC,own_car,31,0,0
LC,2,MC,own_residence,31,0,0
LC,2,MC,unmdaughters,31,0,0
MC,1,HC,age,65,0,0
MC,1,HC,complexion,65,6,0.09230769230769231
MC,1,HC,education,65,1,0.015384615384615385
MC,1,HC,father_absent,65,0,0
MC,1,HC,girl_working,65,0,0
MC,1,HC,height_in,65,1,0.015384615384615385
MC,1,HC,looks,65,8,0.12307692307692308
MC,1,HC,own_car,65,32,0.49230769230769234
MC,1,HC,own_residence,65,32,0.49230769230769234
MC,1,HC,unmdaughters,65,0,0
MC,1,LC,age,59,0,0
MC,1,LC,complexion,59,4,0.06779661016949153
MC,1,LC,education,59,0,0
MC,1,LC,father_absent,59,0,0
MC,1,LC,girl_working,59,0,0
MC,1,LC,height_in,59,0,0
MC,1,LC,looks,59,15,0.2542372881355932
MC,1,LC,own_car,59,47,0.7966101694915254
MC,1,LC,own_residence,59,47,0.7966101694915254
MC,1,LC,unmdaughters,59,0,0
MC,1,MC,age,85,2,0.023529411764705882
MC,1,MC,complexion,85,8,0.09411764705882353
MC,1,MC,education,85,0,0
MC,1,MC,father_absent,85,0,0
MC,1,MC,girl_working,85,0,0
MC,1,MC,height_in,85,4,0.047058823529411764
MC,1,MC,looks,85,11,0.12941176470588237
MC,1,MC,own_car,85,65,0.7647058823529411
MC,1,MC,own_residence,85,65,0.7647058823529411
MC,1,MC,unmdaughters,85,0,0
MC,2,HC,age,35,1,0.02857142857142857
MC,2,HC,complexion,35,2,0.05714285714285714
MC,2,HC,education,35,0,0
MC,2,HC,father_absent,35,0,0
MC,2,HC,girl_working,35,0,0
MC,2,HC,height_in,35,0,0
MC,2,HC,looks,35,3,0.08571428571428572
MC,2,HC,own_car,35,0,0
MC,2,HC,own_residence,35,0,0
MC,2,HC,unmdaughters,35,0,0
MC,2,LC,age,57,0,0
MC,2,LC,complexion,57,0,0
MC,2,LC,education,57,0,0
MC,2,LC,father_absent,57,0,0
MC,2,LC,girl_working,57,0,0
MC,2,LC,height_in,57,0,0
MC,2,LC,looks,57,12,0.21052631578947367
MC,2,LC,own_car,57,0,0
MC,2,LC,own_residence,57,0,0
MC,2,LC,unmdaughters,57,0,0
MC,2,MC,age,73,1,0.0136986301369863
MC,2,MC,complexion,73,3,0.0410958904109589
MC,2,MC,education,73,0,0
MC,2,MC,father_absent,73,0,0
MC,2,MC,girl_working,73,0,0
MC,2,MC,height_in,73,0,0
MC,2,MC,looks,73,7,0.0958904109589041
MC,2,MC,own_car,73,0,0
MC,2,MC,own_residence,73,0,0
MC,2,MC,unmdaughters,73,0,0
