responder_caste,attribute_group,groom_income,groom_caste,letters,group_letters,share,income_letters,share_at_income,specification
HC,T1,7000,HC,30,162,0.18518518518518517,44,0.6818181818181818,retained
HC,T1,7000,LC,2,162,0.012345679012345678,44,0.045454545454545456,retained
HC,T1,7000,MC,12,162,0.07407407407407407,44,0.2727272727272727,retained
HC,T1,15000,HC,20,162,0.12345679012345678,49,0.40816326530612246,retained
HC,T1,15000,LC,15,162,0.09259259259259259,49,0.30612244897959184,retained
HC,T1,15000,MC,14,162,0.08641975308641975,49,0.2857142857142857,retained
HC,T1,35000,HC,8,162,0.04938271604938271,69,0.11594202898550725,retained
HC,T1,35000,LC,28,162,0.1728395061728395,69,0.4057971014492754,retained
HC,T1,35000,MC,33,162,0.2037037037037037,69,0.4782608695652174,retained
HC,T2,7000,HC,29,157,0.18471337579617833,38,0.7631578947368421,retained
HC,T2,7000,LC,3,157,0.01910828025477707,38,0.07894736842105263,retained
HC,T2,7000,MC,6,157,0.03821656050955414,38,0.15789473684210525,retained
HC,T2,15000,HC,36,157,0.22929936305732485,57,0.631578947368421,retained
HC,T2,15000,LC,10,157,0.06369426751592357,57,0.17543859649122806,retained
HC,T2,15000,MC,11,157,0.07006369426751592,57,0.19298245614035087,retained
HC,T2,35000,HC,26,157,0.16560509554140126,62,0.41935483870967744,retained
HC,T2,35000,LC,14,157,0.08917197452229299,62,0.22580645161290322,retained
HC,T2,35000,MC,22,157,0.14012738853503184,62,0.3548387096774194,retained
HC,T3,7000,HC,27,159,0.16981132075471697,30,0.9,retained
HC,T3,7000,LC,0,159,0,30,0,retained
HC,T3,7000,MC,3,159,0.018867924528301886,30,0.1,retained
HC,T3,15000,HC,29,159,0.18238993710691823,33,0.8787878787878788,retained
HC,T3,15000,LC,0,159,0,33,0,retained
HC,T3,15000,MC,4,159,0.025157232704402517,33,0.12121212121212122,retained
HC,T3,35000,HC,76,159,0.4779874213836478,96,0.7916666666666666,retained
HC,T3,35000,LC,9,159,0.05660377358490566,96,0.09375,retained
HC,T3,35000,MC,11,159,0.06918238993710692,96,0.11458333333333333,retained
LC,T1,7000,HC,1,92,0.010869565217391304,35,0.02857142857142857,retained
LC,T1,7000,LC,26,92,0.2826086956521739,35,0.7428571428571429,retained
LC,T1,7000,MC,8,92,0.08695652173913043,35,0.22857142857142856,retained
LC,T1,15000,HC,0,92,0,28,0,retained
LC,T1,15000,LC,19,92,0.20652173913043478,28,0.6785714285714286,retained
LC,T1,15000,MC,9,92,0.09782608695652174,28,0.32142857142857145,retained
LC,T1,35000,HC,0,92,0,29,0,retained
LC,T1,35000,LC,27,92,0.29347826086956524,29,0.9310344827586207,retained
LC,T1,35000,MC,2,92,0.021739130434782608,29,0.06896551724137931,retained
LC,T2,7000,HC,8,89,0.0898876404494382,35,0.22857142857142856,retained
LC,T2,7000,LC,15,89,0.16853932584269662,35,0.42857142857142855,retained
LC,T2,7000,MC,12,89,0.1348314606741573,35,0.34285714285714286,retained
LC,T2,15000,HC,4,89,0.0449438202247191,29,0.13793103448275862,retained
LC,T2,15000,LC,14,89,0.15730337078651685,29,0.4827586206896552,retained
LC,T2,15000,MC,11,89,0.12359550561797752,29,0.3793103448275862,retained
LC,T2,35000,HC,0,89,0,25,0,retained
LC,T2,35000,LC,23,89,0.25842696629213485,25,0.92,retained
LC,T2,35000,MC,2,89,0.02247191011235955,25,0.08,retained
LC,T3,7000,HC,12,90,0.13333333333333333,28,0.42857142857142855,retained
LC,T3,7000,LC,4,90,0.044444444444444446,28,0.14285714285714285,retained
LC,T3,7000,MC,12,90,0.13333333333333333,28,0.42857142857142855,retained
LC,T3,15000,HC,3,90,0.03333333333333333,34,0.08823529411764706,retained
LC,T3,15000,LC,12,90,0.13333333333333333,34,0.35294117647058826,retained
LC,T3,15000,MC,19,90,0.2111111111111111,34,0.5588235294117647,retained
LC,T3,35000,HC,3,90,0.03333333333333333,28,0.10714285714285714,retained
LC,T3,35000,LC,19,90,0.2111111111111111,28,0.6785714285714286,retained
LC,T3,35000,MC,6,90,0.06666666666666667,28,0.21428571428571427,retained
MC,T1,7000,HC,7,125,0.056,41,0.17073170731707318,retained
MC,T1,7000,LC,15,125,0.12,41,0.36585365853658536,retained
MC,T1,7000,MC,19,125,0.152,41,0.4634146341463415,retained
MC,T1,15000,HC,4,125,0.032,44,0.09090909090909091,retained
MC,T1,15000,LC,18,125,0.144,44,0.4090909090909091,retained
MC,T1,15000,MC,22,125,0.176,44,0.5,retained
MC,T1,35000,HC,2,125,0.016,40,0.05,retained
MC,T1,35000,LC,14,125,0.112,40,0.35,retained
MC,T1,35000,MC,24,125,0.192,40,0.6,retained
MC,T2,7000,HC,14,124,0.11290322580645161,29,0.4827586206896552,retained
MC,T2,7000,LC,9,124,0.07258064516129033,29,0.3103448275862069,retained
MC,T2,7000,MC,6,124,0.04838709677419355,29,0.20689655172413793,retained
MC,T2,15000,HC,8,124,0.06451612903225806,34,0.23529411764705882,retained
MC,T2,15000,LC,10,124,0.08064516129032258,34,0.29411764705882354,retained
MC,T2,15000,MC,16,124,0.12903225806451613,34,0.47058823529411764,retained
MC,T2,35000,HC,6,124,0.04838709677419355,61,0.09836065573770492,retained
MC,T2,35000,LC,21,124,0.1693548387096774,61,0.3442622950819672,retained
MC,T2,35000,MC,34,124,0.27419354838709675,61,0.5573770491803278,retained
MC,T3,7000,HC,18,125,0.144,25,0.72,retained
MC,T3,7000,LC,3,125,0.024,25,0.12,retained
MC,T3,7000,MC,4,125,0.032,25,0.16,retained
MC,T3,15000,HC,22,125,0.176,33,0.6666666666666666,retained
MC,T3,15000,LC,3,125,0.024,33,0.09090909090909091,retained
MC,T3,15000,MC,8,125,0.064,33,0.24242424242424243,retained
MC,T3,35000,HC,19,125,0.152,67,0.2835820895522388,retained
MC,T3,35000,LC,23,125,0.184,67,0.34328358208955223,retained
MC,T3,35000,MC,25,125,0.2,67,0.373134328358209,retained
HC,T1,7000,HC,12,73,0.1643835616438356,18,0.6666666666666666,edition_1
HC,T1,7000,LC,1,73,0.0136986301369863,18,0.05555555555555555,edition_1
HC,T1,7000,MC,5,73,0.0684931506849315,18,0.2777777777777778,edition_1
HC,T1,15000,HC,9,73,0.1232876712328767,23,0.391304347826087,edition_1
HC,T1,15000,LC,7,73,0.0958904109589041,23,0.30434782608695654,edition_1
HC,T1,15000,MC,7,73,0.0958904109589041,23,0.30434782608695654,edition_1
HC,T1,35000,HC,3,73,0.0410958904109589,32,0.09375,edition_1
HC,T1,35000,LC,14,73,0.1917808219178082,32,0.4375,edition_1
HC,T1,35000,MC,15,73,0.2054794520547945,32,0.46875,edition_1
HC,T2,7000,HC,8,72,0.1111111111111111,14,0.5714285714285714,edition_1
HC,T2,7000,LC,3,72,0.041666666666666664,14,0.21428571428571427,edition_1
HC,T2,7000,MC,3,72,0.041666666666666664,14,0.21428571428571427,edition_1
HC,T2,15000,HC,20,72,0.2777777777777778,30,0.6666666666666666,edition_1
HC,T2,15000,LC,5,72,0.06944444444444445,30,0.16666666666666666,edition_1
HC,T2,15000,MC,5,72,0.06944444444444445,30,0.16666666666666666,edition_1
HC,T2,35000,HC,9,72,0.125,28,0.32142857142857145,edition_1
HC,T2,35000,LC,7,72,0.09722222222222222,28,0.25,edition_1
HC,T2,35000,MC,12,72,0.16666666666666666,28,0.42857142857142855,edition_1
HC,T3,7000,HC,15,73,0.2054794520547945,16,0.9375,edition_1
HC,T3,7000,LC,0,73,0,16,0,edition_1
HC,T3,7000,MC,1,73,0.0136986301369863,16,0.0625,edition_1
HC,T3,15000,HC,13,73,0.1780821917808219,14,0.9285714285714286,edition_1
HC,T3,15000,LC,0,73,0,14,0,edition_1
HC,T3,15000,MC,1,73,0.0136986301369863,14,0.07142857142857142,edition_1
HC,T3,35000,HC,39,73,0.5342465753424658,43,0.9069767441860465,edition_1
HC,T3,35000,LC,1,73,0.0136986301369863,43,0.023255813953488372,edition_1
HC,T3,35000,MC,3,73,0.0410958904109589,43,0.06976744186046512,edition_1
LC,T1,7000,HC,1,50,0.02,21,0.047619047619047616,edition_1
LC,T1,7000,LC,17,50,0.34,21,0.8095238095238095,edition_1
LC,T1,7000,MC,3,50,0.06,21,0.14285714285714285,edition_1
LC,T1,15000,HC,0,50,0,16,0,edition_1
LC,T1,15000,LC,9,50,0.18,16,0.5625,edition_1
LC,T1,15000,MC,7,50,0.14,16,0.4375,edition_1
LC,T1,35000,HC,0,50,0,13,0,edition_1
LC,T1,35000,LC,12,50,0.24,13,0.9230769230769231,edition_1
LC,T1,35000,MC,1,50,0.02,13,0.07692307692307693,edition_1
LC,T2,7000,HC,4,51,0.0784313725490196,20,0.2,edition_1
LC,T2,7000,LC,10,51,0.19607843137254902,20,0.5,edition_1
LC,T2,7000,MC,6,51,0.11764705882352941,20,0.3,edition_1
LC,T2,15000,HC,1,51,0.0196078431372549,16,0.0625,edition_1
LC,T2,15000,LC,8,51,0.1568627450980392,16,0.5,edition_1
LC,T2,15000,MC,7,51,0.13725490196078433,16,0.4375,edition_1
LC,T2,35000,HC,0,51,0,15,0,edition_1
LC,T2,35000,LC,13,51,0.2549019607843137,15,0.8666666666666667,edition_1
LC,T2,35000,MC,2,51,0.0392156862745098,15,0.13333333333333333,edition_1
LC,T3,7000,HC,6,56,0.10714285714285714,16,0.375,edition_1
LC,T3,7000,LC,3,56,0.05357142857142857,16,0.1875,edition_1
LC,T3,7000,MC,7,56,0.125,16,0.4375,edition_1
LC,T3,15000,HC,1,56,0.017857142857142856,20,0.05,edition_1
LC,T3,15000,LC,6,56,0.10714285714285714,20,0.3,edition_1
LC,T3,15000,MC,13,56,0.23214285714285715,20,0.65,edition_1
LC,T3,35000,HC,3,56,0.05357142857142857,20,0.15,edition_1
LC,T3,35000,LC,13,56,0.23214285714285715,20,0.65,edition_1
LC,T3,35000,MC,4,56,0.07142857142857142,20,0.2,edition_1
MC,T1,7000,HC,3,59,0.05084745762711865,18,0.16666666666666666,edition_1
MC,T1,7000,LC,9,59,0.15254237288135594,18,0.5,edition_1
MC,T1,7000,MC,6,59,0.1016949152542373,18,0.3333333333333333,edition_1
MC,T1,15000,HC,1,59,0.01694915254237288,21,0.047619047619047616,edition_1
MC,T1,15000,LC,11,59,0.1864406779661017,21,0.5238095238095238,edition_1
MC,T1,15000,MC,9,59,0.15254237288135594,21,0.42857142857142855,edition_1
MC,T1,35000,HC,2,59,0.03389830508474576,20,0.1,edition_1
MC,T1,35000,LC,9,59,0.15254237288135594,20,0.45,edition_1
MC,T1,35000,MC,9,59,0.15254237288135594,20,0.45,edition_1
MC,T2,7000,HC,10,77,0.12987012987012986,19,0.5263157894736842,edition_1
MC,T2,7000,LC,5,77,0.06493506493506493,19,0.2631578947368421,edition_1
MC,T2,7000,MC,4,77,0.05194805194805195,19,0.21052631578947367,edition_1
MC,T2,15000,HC,5,77,0.06493506493506493,21,0.23809523809523808,edition_1
MC,T2,15000,LC,6,77,0.07792207792207792,21,0.2857142857142857,edition_1
MC,T2,15000,MC,10,77,0.12987012987012986,21,0.47619047619047616,edition_1
MC,T2,35000,HC,4,77,0.05194805194805195,37,0.10810810810810811,edition_1
MC,T2,35000,LC,12,77,0.15584415584415584,37,0.32432432432432434,edition_1
MC,T2,35000,MC,21,77,0.2727272727272727,37,0.5675675675675675,edition_1
MC,T3,7000,HC,12,73,0.1643835616438356,12,1,edition_1
MC,T3,7000,LC,0,73,0,12,0,edition_1
MC,T3,7000,MC,0,73,0,12,0,edition_1
MC,T3,15000,HC,16,73,0.2191780821917808,22,0.7272727272727273,edition_1
MC,T3,15000,LC,1,73,0.0136986301369863,22,0.045454545454545456,edition_1
MC,T3,15000,MC,5,73,0.0684931506849315,22,0.22727272727272727,edition_1
MC,T3,35000,HC,12,73,0.1643835616438356,39,0.3076923076923077,edition_1
MC,T3,35000,LC,6,73,0.0821917808219178,39,0.15384615384615385,edition_1
MC,T3,35000,MC,21,73,0.2876712328767123,39,0.5384615384615384,edition_1
HC,T1,7000,HC,18,89,0.20224719101123595,26,0.6923076923076923,edition_2
HC,T1,7000,LC,1,89,0.011235955056179775,26,0.038461538461538464,edition_2
HC,T1,7000,MC,7,89,0.07865168539325842,26,0.2692307692307692,edition_2
HC,T1,15000,HC,11,89,0.12359550561797752,26,0.4230769230769231,edition_2
HC,T1,15000,LC,8,89,0.0898876404494382,26,0.3076923076923077,edition_2
HC,T1,15000,MC,7,89,0.07865168539325842,26,0.2692307692307692,edition_2
HC,T1,35000,HC,5,89,0.056179775280898875,37,0.13513513513513514,edition_2
HC,T1,35000,LC,14,89,0.15730337078651685,37,0.3783783783783784,edition_2
HC,T1,35000,MC,18,89,0.20224719101123595,37,0.4864864864864865,edition_2
HC,T2,7000,HC,21,85,0.24705882352941178,24,0.875,edition_2
HC,T2,7000,LC,0,85,0,24,0,edition_2
HC,T2,7000,MC,3,85,0.03529411764705882,24,0.125,edition_2
HC,T2,15000,HC,16,85,0.18823529411764706,27,0.5925925925925926,edition_2
HC,T2,15000,LC,5,85,0.058823529411764705,27,0.18518518518518517,edition_2
HC,T2,15000,MC,6,85,0.07058823529411765,27,0.2222222222222222,edition_2
HC,T2,35000,HC,17,85,0.2,34,0.5,edition_2
HC,T2,35000,LC,7,85,0.08235294117647059,34,0.20588235294117646,edition_2
HC,T2,35000,MC,10,85,0.11764705882352941,34,0.29411764705882354,edition_2
HC,T3,7000,HC,12,86,0.13953488372093023,14,0.8571428571428571,edition_2
HC,T3,7000,LC,0,86,0,14,0,edition_2
HC,T3,7000,MC,2,86,0.023255813953488372,14,0.14285714285714285,edition_2
HC,T3,15000,HC,16,86,0.18604651162790697,19,0.8421052631578947,edition_2
HC,T3,15000,LC,0,86,0,19,0,edition_2
HC,T3,15000,MC,3,86,0.03488372093023256,19,0.15789473684210525,edition_2
HC,T3,35000,HC,37,86,0.43023255813953487,53,0.6981132075471698,edition_2
HC,T3,35000,LC,8,86,0.09302325581395349,53,0.1509433962264151,edition_2
HC,T3,35000,MC,8,86,0.09302325581395349,53,0.1509433962264151,edition_2
LC,T1,7000,HC,0,42,0,14,0,edition_2
LC,T1,7000,LC,9,42,0.21428571428571427,14,0.6428571428571429,edition_2
LC,T1,7000,MC,5,42,0.11904761904761904,14,0.35714285714285715,edition_2
LC,T1,15000,HC,0,42,0,12,0,edition_2
LC,T1,15000,LC,10,42,0.23809523809523808,12,0.8333333333333334,edition_2
LC,T1,15000,MC,2,42,0.047619047619047616,12,0.16666666666666666,edition_2
LC,T1,35000,HC,0,42,0,16,0,edition_2
LC,T1,35000,LC,15,42,0.35714285714285715,16,0.9375,edition_2
LC,T1,35000,MC,1,42,0.023809523809523808,16,0.0625,edition_2
LC,T2,7000,HC,4,38,0.10526315789473684,15,0.26666666666666666,edition_2
LC,T2,7000,LC,5,38,0.13157894736842105,15,0.3333333333333333,edition_2
LC,T2,7000,MC,6,38,0.15789473684210525,15,0.4,edition_2
LC,T2,15000,HC,3,38,0.07894736842105263,13,0.23076923076923078,edition_2
LC,T2,15000,LC,6,38,0.15789473684210525,13,0.46153846153846156,edition_2
LC,T2,15000,MC,4,38,0.10526315789473684,13,0.3076923076923077,edition_2
LC,T2,35000,HC,0,38,0,10,0,edition_2
LC,T2,35000,LC,10,38,0.2631578947368421,10,1,edition_2
LC,T2,35000,MC,0,38,0,10,0,edition_2
LC,T3,7000,HC,6,34,0.17647058823529413,12,0.5,edition_2
LC,T3,7000,LC,1,34,0.029411764705882353,12,0.08333333333333333,edition_2
LC,T3,7000,MC,5,34,0.14705882352941177,12,0.4166666666666667,edition_2
LC,T3,15000,HC,2,34,0.058823529411764705,14,0.14285714285714285,edition_2
LC,T3,15000,LC,6,34,0.17647058823529413,14,0.42857142857142855,edition_2
LC,T3,15000,MC,6,34,0.17647058823529413,14,0.42857142857142855,edition_2
LC,T3,35000,HC,0,34,0,8,0,edition_2
LC,T3,35000,LC,6,34,0.17647058823529413,8,0.75,edition_2
LC,T3,35000,MC,2,34,0.058823529411764705,8,0.25,edition_2
MC,T1,7000,HC,4,66,0.06060606060606061,23,0.17391304347826086,edition_2
MC,T1,7000,LC,6,66,0.09090909090909091,23,0.2608695652173913,edition_2
MC,T1,7000,MC,13,66,0.19696969696969696,23,0.5652173913043478,edition_2
MC,T1,15000,HC,3,66,0.045454545454545456,23,0.13043478260869565,edition_2
MC,T1,15000,LC,7,66,0.10606060606060606,23,0.30434782608695654,edition_2
MC,T1,15000,MC,13,66,0.19696969696969696,23,0.5652173913043478,edition_2
MC,T1,35000,HC,0,66,0,20,0,edition_2
MC,T1,35000,LC,5,66,0.07575757575757576,20,0.25,edition_2
MC,T1,35000,MC,15,66,0.22727272727272727,20,0.75,edition_2
MC,T2,7000,HC,4,47,0.0851063829787234,10,0.4,edition_2
MC,T2,7000,LC,4,47,0.0851063829787234,10,0.4,edition_2
MC,T2,7000,MC,2,47,0.0425531914893617,10,0.2,edition_2
MC,T2,15000,HC,3,47,0.06382978723404255,13,0.23076923076923078,edition_2
MC,T2,15000,LC,4,47,0.0851063829787234,13,0.3076923076923077,edition_2
MC,T2,15000,MC,6,47,0.1276595744680851,13,0.46153846153846156,edition_2
MC,T2,35000,HC,2,47,0.0425531914893617,24,0.08333333333333333,edition_2
MC,T2,35000,LC,9,47,0.19148936170212766,24,0.375,edition_2
MC,T2,35000,MC,13,47,0.2765957446808511,24,0.5416666666666666,edition_2
MC,T3,7000,HC,6,52,0.11538461538461539,13,0.46153846153846156,edition_2
MC,T3,7000,LC,3,52,0.057692307692307696,13,0.23076923076923078,edition_2
MC,T3,7000,MC,4,52,0.07692307692307693,13,0.3076923076923077,edition_2
MC,T3,15000,HC,6,52,0.11538461538461539,11,0.5454545454545454,edition_2
MC,T3,15000,LC,2,52,0.038461538461538464,11,0.18181818181818182,edition_2
MC,T3,15000,MC,3,52,0.057692307692307696,11,0.2727272727272727,edition_2
MC,T3,35000,HC,7,52,0.1346153846153846,28,0.25,edition_2
MC,T3,35000,LC,17,52,0.3269230769230769,28,0.6071428571428571,edition_2
MC,T3,35000,MC,4,52,0.07692307692307693,28,0.14285714285714285,edition_2
HC,T1,7000,HC,36,205,0.17560975609756097,50,0.72,all_recorded
HC,T1,7000,LC,2,205,0.00975609756097561,50,0.04,all_recorded
HC,T1,7000,MC,12,205,0.05853658536585366,50,0.24,all_recorded
HC,T1,15000,HC,20,205,0.0975609756097561,62,0.3225806451612903,all_recorded
HC,T1,15000,LC,24,205,0.11707317073170732,62,0.3870967741935484,all_recorded
HC,T1,15000,MC,18,205,0.08780487804878048,62,0.2903225806451613,all_recorded
HC,T1,35000,HC,10,205,0.04878048780487805,93,0.10752688172043011,all_recorded
HC,T1,35000,LC,39,205,0.1902439024390244,93,0.41935483870967744,all_recorded
HC,T1,35000,MC,44,205,0.2146341463414634,93,0.4731182795698925,all_recorded
HC,T2,7000,HC,33,188,0.17553191489361702,42,0.7857142857142857,all_recorded
HC,T2,7000,LC,3,188,0.015957446808510637,42,0.07142857142857142,all_recorded
HC,T2,7000,MC,6,188,0.031914893617021274,42,0.14285714285714285,all_recorded
HC,T2,15000,HC,42,188,0.22340425531914893,66,0.6363636363636364,all_recorded
HC,T2,15000,LC,12,188,0.06382978723404255,66,0.18181818181818182,all_recorded
HC,T2,15000,MC,12,188,0.06382978723404255,66,0.18181818181818182,all_recorded
HC,T2,35000,HC,28,188,0.14893617021276595,80,0.35,all_recorded
HC,T2,35000,LC,23,188,0.12234042553191489,80,0.2875,all_recorded
HC,T2,35000,MC,29,188,0.15425531914893617,80,0.3625,all_recorded
HC,T3,7000,HC,28,180,0.15555555555555556,31,0.9032258064516129,all_recorded
HC,T3,7000,LC,0,180,0,31,0,all_recorded
HC,T3,7000,MC,3,180,0.016666666666666666,31,0.0967741935483871,all_recorded
HC,T3,15000,HC,36,180,0.2,42,0.8571428571428571,all_recorded
HC,T3,15000,LC,0,180,0,42,0,all_recorded
HC,T3,15000,MC,6,180,0.03333333333333333,42,0.14285714285714285,all_recorded
HC,T3,35000,HC,83,180,0.46111111111111114,107,0.7757009345794392,all_recorded
HC,T3,35000,LC,11,180,0.06111111111111111,107,0.102803738317757,all_recorded
HC,T3,35000,MC,13,180,0.07222222222222222,107,0.12149532710280374,all_recorded
LC,T1,7000,HC,4,110,0.03636363636363636,44,0.09090909090909091,all_recorded
LC,T1,7000,LC,29,110,0.2636363636363636,44,0.6590909090909091,all_recorded
LC,T1,7000,MC,11,110,0.1,44,0.25,all_recorded
LC,T1,15000,HC,0,110,0,35,0,all_recorded
LC,T1,15000,LC,23,110,0.20909090909090908,35,0.6571428571428571,all_recorded
LC,T1,15000,MC,12,110,0.10909090909090909,35,0.34285714285714286,all_recorded
LC,T1,35000,HC,0,110,0,31,0,all_recorded
LC,T1,35000,LC,29,110,0.2636363636363636,31,0.9354838709677419,all_recorded
LC,T1,35000,MC,2,110,0.01818181818181818,31,0.06451612903225806,all_recorded
LC,T2,7000,HC,13,115,0.11304347826086956,43,0.3023255813953488,all_recorded
LC,T2,7000,LC,15,115,0.13043478260869565,43,0.3488372093023256,all_recorded
LC,T2,7000,MC,15,115,0.13043478260869565,43,0.3488372093023256,all_recorded
LC,T2,15000,HC,4,115,0.034782608695652174,42,0.09523809523809523,all_recorded
LC,T2,15000,LC,17,115,0.14782608695652175,42,0.40476190476190477,all_recorded
LC,T2,15000,MC,21,115,0.1826086956521739,42,0.5,all_recorded
LC,T2,35000,HC,0,115,0,30,0,all_recorded
LC,T2,35000,LC,28,115,0.24347826086956523,30,0.9333333333333333,all_recorded
LC,T2,35000,MC,2,115,0.017391304347826087,30,0.06666666666666667,all_recorded
LC,T3,7000,HC,18,103,0.17475728155339806,36,0.5,all_recorded
LC,T3,7000,LC,4,103,0.038834951456310676,36,0.1111111111111111,all_recorded
LC,T3,7000,MC,14,103,0.13592233009708737,36,0.3888888888888889,all_recorded
LC,T3,15000,HC,3,103,0.02912621359223301,37,0.08108108108108109,all_recorded
LC,T3,15000,LC,12,103,0.11650485436893204,37,0.32432432432432434,all_recorded
LC,T3,15000,MC,22,103,0.21359223300970873,37,0.5945945945945946,all_recorded
LC,T3,35000,HC,3,103,0.02912621359223301,30,0.1,all_recorded
LC,T3,35000,LC,21,103,0.20388349514563106,30,0.7,all_recorded
LC,T3,35000,MC,6,103,0.05825242718446602,30,0.2,all_recorded
MC,T1,7000,HC,11,160,0.06875,53,0.20754716981132076,all_recorded
MC,T1,7000,LC,21,160,0.13125,53,0.39622641509433965,all_recorded
MC,T1,7000,MC,21,160,0.13125,53,0.39622641509433965,all_recorded
MC,T1,15000,HC,4,160,0.025,52,0.07692307692307693,all_recorded
MC,T1,15000,LC,21,160,0.13125,52,0.40384615384615385,all_recorded
MC,T1,15000,MC,27,160,0.16875,52,0.5192307692307693,all_recorded
MC,T1,35000,HC,2,160,0.0125,55,0.03636363636363636,all_recorded
MC,T1,35000,LC,24,160,0.15,55,0.43636363636363634,all_recorded
MC,T1,35000,MC,29,160,0.18125,55,0.5272727272727272,all_recorded
MC,T2,7000,HC,22,157,0.14012738853503184,43,0.5116279069767442,all_recorded
MC,T2,7000,LC,13,157,0.08280254777070063,43,0.3023255813953488,all_recorded
MC,T2,7000,MC,8,157,0.050955414012738856,43,0.18604651162790697,all_recorded
MC,T2,15000,HC,14,157,0.08917197452229299,44,0.3181818181818182,all_recorded
MC,T2,15000,LC,14,157,0.08917197452229299,44,0.3181818181818182,all_recorded
MC,T2,15000,MC,16,157,0.10191082802547771,44,0.36363636363636365,all_recorded
MC,T2,35000,HC,6,157,0.03821656050955414,70,0.08571428571428572,all_recorded
MC,T2,35000,LC,29,157,0.18471337579617833,70,0.4142857142857143,all_recorded
MC,T2,35000,MC,35,157,0.2229299363057325,70,0.5,all_recorded
MC,T3,7000,HC,18,148,0.12162162162162163,26,0.6923076923076923,all_recorded
MC,T3,7000,LC,4,148,0.02702702702702703,26,0.15384615384615385,all_recorded
MC,T3,7000,MC,4,148,0.02702702702702703,26,0.15384615384615385,all_recorded
MC,T3,15000,HC,28,148,0.1891891891891892,43,0.6511627906976745,all_recorded
MC,T3,15000,LC,6,148,0.04054054054054054,43,0.13953488372093023,all_recorded
MC,T3,15000,MC,9,148,0.060810810810810814,43,0.20930232558139536,all_recorded
MC,T3,35000,HC,21,148,0.14189189189189189,79,0.26582278481012656,all_recorded
MC,T3,35000,LC,31,148,0.20945945945945946,79,0.3924050632911392,all_recorded
MC,T3,35000,MC,27,148,0.18243243243243243,79,0.34177215189873417,all_recorded
HC,T1,7000,HC,6,43,0.13953488372093023,6,1,excluded
HC,T1,7000,LC,0,43,0,6,0,excluded
HC,T1,7000,MC,0,43,0,6,0,excluded
HC,T1,15000,HC,0,43,0,13,0,excluded
HC,T1,15000,LC,9,43,0.20930232558139536,13,0.6923076923076923,excluded
HC,T1,15000,MC,4,43,0.09302325581395349,13,0.3076923076923077,excluded
HC,T1,35000,HC,2,43,0.046511627906976744,24,0.08333333333333333,excluded
HC,T1,35000,LC,11,43,0.2558139534883721,24,0.4583333333333333,excluded
HC,T1,35000,MC,11,43,0.2558139534883721,24,0.4583333333333333,excluded
HC,T2,7000,HC,4,31,0.12903225806451613,4,1,excluded
HC,T2,7000,LC,0,31,0,4,0,excluded
HC,T2,7000,MC,0,31,0,4,0,excluded
HC,T2,15000,HC,6,31,0.1935483870967742,9,0.6666666666666666,excluded
HC,T2,15000,LC,2,31,0.06451612903225806,9,0.2222222222222222,excluded
HC,T2,15000,MC,1,31,0.03225806451612903,9,0.1111111111111111,excluded
HC,T2,35000,HC,2,31,0.06451612903225806,18,0.1111111111111111,excluded
HC,T2,35000,LC,9,31,0.2903225806451613,18,0.5,excluded
HC,T2,35000,MC,7,31,0.22580645161290322,18,0.3888888888888889,excluded
HC,T3,7000,HC,1,21,0.047619047619047616,1,1,excluded
HC,T3,7000,LC,0,21,0,1,0,excluded
HC,T3,7000,MC,0,21,0,1,0,excluded
HC,T3,15000,HC,7,21,0.3333333333333333,9,0.7777777777777778,excluded
HC,T3,15000,LC,0,21,0,9,0,excluded
HC,T3,15000,MC,2,21,0.09523809523809523,9,0.2222222222222222,excluded
HC,T3,35000,HC,7,21,0.3333333333333333,11,0.6363636363636364,excluded
HC,T3,35000,LC,2,21,0.09523809523809523,11,0.18181818181818182,excluded
HC,T3,35000,MC,2,21,0.09523809523809523,11,0.18181818181818182,excluded
LC,T1,7000,HC,3,18,0.16666666666666666,9,0.3333333333333333,excluded
LC,T1,7000,LC,3,18,0.16666666666666666,9,0.3333333333333333,excluded
LC,T1,7000,MC,3,18,0.16666666666666666,9,0.3333333333333333,excluded
LC,T1,15000,HC,0,18,0,7,0,excluded
LC,T1,15000,LC,4,18,0.2222222222222222,7,0.5714285714285714,excluded
LC,T1,15000,MC,3,18,0.16666666666666666,7,0.42857142857142855,excluded
LC,T1,35000,HC,0,18,0,2,0,excluded
LC,T1,35000,LC,2,18,0.1111111111111111,2,1,excluded
LC,T1,35000,MC,0,18,0,2,0,excluded
LC,T2,7000,HC,5,26,0.19230769230769232,8,0.625,excluded
LC,T2,7000,LC,0,26,0,8,0,excluded
LC,T2,7000,MC,3,26,0.11538461538461539,8,0.375,excluded
LC,T2,15000,HC,0,26,0,13,0,excluded
LC,T2,15000,LC,3,26,0.11538461538461539,13,0.23076923076923078,excluded
LC,T2,15000,MC,10,26,0.38461538461538464,13,0.7692307692307693,excluded
LC,T2,35000,HC,0,26,0,5,0,excluded
LC,T2,35000,LC,5,26,0.19230769230769232,5,1,excluded
LC,T2,35000,MC,0,26,0,5,0,excluded
LC,T3,7000,HC,6,13,0.46153846153846156,8,0.75,excluded
LC,T3,7000,LC,0,13,0,8,0,excluded
LC,T3,7000,MC,2,13,0.15384615384615385,8,0.25,excluded
LC,T3,15000,HC,0,13,0,3,0,excluded
LC,T3,15000,LC,0,13,0,3,0,excluded
LC,T3,15000,MC,3,13,0.23076923076923078,3,1,excluded
LC,T3,35000,HC,0,13,0,2,0,excluded
LC,T3,35000,LC,2,13,0.15384615384615385,2,1,excluded
LC,T3,35000,MC,0,13,0,2,0,excluded
MC,T1,7000,HC,4,35,0.11428571428571428,12,0.3333333333333333,excluded
MC,T1,7000,LC,6,35,0.17142857142857143,12,0.5,excluded
MC,T1,7000,MC,2,35,0.05714285714285714,12,0.16666666666666666,excluded
MC,T1,15000,HC,0,35,0,8,0,excluded
MC,T1,15000,LC,3,35,0.08571428571428572,8,0.375,excluded
MC,T1,15000,MC,5,35,0.14285714285714285,8,0.625,excluded
MC,T1,35000,HC,0,35,0,15,0,excluded
MC,T1,35000,LC,10,35,0.2857142857142857,15,0.6666666666666666,excluded
MC,T1,35000,MC,5,35,0.14285714285714285,15,0.3333333333333333,excluded
MC,T2,7000,HC,8,33,0.24242424242424243,14,0.5714285714285714,excluded
MC,T2,7000,LC,4,33,0.12121212121212122,14,0.2857142857142857,excluded
MC,T2,7000,MC,2,33,0.06060606060606061,14,0.14285714285714285,excluded
MC,T2,15000,HC,6,33,0.18181818181818182,10,0.6,excluded
MC,T2,15000,LC,4,33,0.12121212121212122,10,0.4,excluded
MC,T2,15000,MC,0,33,0,10,0,excluded
MC,T2,35000,HC,0,33,0,9,0,excluded
MC,T2,35000,LC,8,33,0.24242424242424243,9,0.8888888888888888,excluded
MC,T2,35000,MC,1,33,0.030303030303030304,9,0.1111111111111111,excluded
MC,T3,7000,HC,0,23,0,1,0,excluded
MC,T3,7000,LC,1,23,0.043478260869565216,1,1,excluded
MC,T3,7000,MC,0,23,0,1,0,excluded
MC,T3,15000,HC,6,23,0.2608695652173913,10,0.6,excluded
MC,T3,15000,LC,3,23,0.13043478260869565,10,0.3,excluded
MC,T3,15000,MC,1,23,0.043478260869565216,10,0.1,excluded
MC,T3,35000,HC,2,23,0.08695652173913043,12,0.16666666666666666,excluded
MC,T3,35000,LC,8,23,0.34782608695652173,12,0.6666666666666666,excluded
MC,T3,35000,MC,2,23,0.08695652173913043,12,0.16666666666666666,excluded
HC,T1,7000,HC,34,160,0.2125,46,0.7391304347826086,no_education
HC,T1,7000,LC,1,160,0.00625,46,0.021739130434782608,no_education
HC,T1,7000,MC,11,160,0.06875,46,0.2391304347826087,no_education
HC,T1,15000,HC,19,160,0.11875,42,0.4523809523809524,no_education
HC,T1,15000,LC,11,160,0.06875,42,0.2619047619047619,no_education
HC,T1,15000,MC,12,160,0.075,42,0.2857142857142857,no_education
HC,T1,35000,HC,14,160,0.0875,72,0.19444444444444445,no_education
HC,T1,35000,LC,24,160,0.15,72,0.3333333333333333,no_education
HC,T1,35000,MC,34,160,0.2125,72,0.4722222222222222,no_education
HC,T2,7000,HC,26,160,0.1625,36,0.7222222222222222,no_education
HC,T2,7000,LC,3,160,0.01875,36,0.08333333333333333,no_education
HC,T2,7000,MC,7,160,0.04375,36,0.19444444444444445,no_education
HC,T2,15000,HC,35,160,0.21875,58,0.603448275862069,no_education
HC,T2,15000,LC,12,160,0.075,58,0.20689655172413793,no_education
HC,T2,15000,MC,11,160,0.06875,58,0.1896551724137931,no_education
HC,T2,35000,HC,27,160,0.16875,66,0.4090909090909091,no_education
HC,T2,35000,LC,18,160,0.1125,66,0.2727272727272727,no_education
HC,T2,35000,MC,21,160,0.13125,66,0.3181818181818182,no_education
HC,T3,7000,HC,26,158,0.16455696202531644,30,0.8666666666666667,no_education
HC,T3,7000,LC,1,158,0.006329113924050633,30,0.03333333333333333,no_education
HC,T3,7000,MC,3,158,0.0189873417721519,30,0.1,no_education
HC,T3,15000,HC,31,158,0.1962025316455696,39,0.7948717948717948,no_education
HC,T3,15000,LC,2,158,0.012658227848101266,39,0.05128205128205128,no_education
HC,T3,15000,MC,6,158,0.0379746835443038,39,0.15384615384615385,no_education
HC,T3,35000,HC,69,158,0.43670886075949367,89,0.7752808988764045,no_education
HC,T3,35000,LC,9,158,0.056962025316455694,89,0.10112359550561797,no_education
HC,T3,35000,MC,11,158,0.06962025316455696,89,0.12359550561797752,no_education
LC,T1,7000,HC,2,91,0.02197802197802198,33,0.06060606060606061,no_education
LC,T1,7000,LC,22,91,0.24175824175824176,33,0.6666666666666666,no_education
LC,T1,7000,MC,9,91,0.0989010989010989,33,0.2727272727272727,no_education
LC,T1,15000,HC,0,91,0,32,0,no_education
LC,T1,15000,LC,21,91,0.23076923076923078,32,0.65625,no_education
LC,T1,15000,MC,11,91,0.12087912087912088,32,0.34375,no_education
LC,T1,35000,HC,0,91,0,26,0,no_education
LC,T1,35000,LC,24,91,0.26373626373626374,26,0.9230769230769231,no_education
LC,T1,35000,MC,2,91,0.02197802197802198,26,0.07692307692307693,no_education
LC,T2,7000,HC,5,90,0.05555555555555555,33,0.15151515151515152,no_education
LC,T2,7000,LC,18,90,0.2,33,0.5454545454545454,no_education
LC,T2,7000,MC,10,90,0.1111111111111111,33,0.30303030303030304,no_education
LC,T2,15000,HC,3,90,0.03333333333333333,28,0.10714285714285714,no_education
LC,T2,15000,LC,16,90,0.17777777777777778,28,0.5714285714285714,no_education
LC,T2,15000,MC,9,90,0.1,28,0.32142857142857145,no_education
LC,T2,35000,HC,0,90,0,29,0,no_education
LC,T2,35000,LC,25,90,0.2777777777777778,29,0.8620689655172413,no_education
LC,T2,35000,MC,4,90,0.044444444444444446,29,0.13793103448275862,no_education
LC,T3,7000,HC,14,90,0.15555555555555556,32,0.4375,no_education
LC,T3,7000,LC,5,90,0.05555555555555555,32,0.15625,no_education
LC,T3,7000,MC,13,90,0.14444444444444443,32,0.40625,no_education
LC,T3,15000,HC,4,90,0.044444444444444446,31,0.12903225806451613,no_education
LC,T3,15000,LC,8,90,0.08888888888888889,31,0.25806451612903225,no_education
LC,T3,15000,MC,19,90,0.2111111111111111,31,0.6129032258064516,no_education
LC,T3,35000,HC,3,90,0.03333333333333333,27,0.1111111111111111,no_education
LC,T3,35000,LC,20,90,0.2222222222222222,27,0.7407407407407407,no_education
LC,T3,35000,MC,4,90,0.044444444444444446,27,0.14814814814814814,no_education
MC,T1,7000,HC,8,126,0.06349206349206349,40,0.2,no_education
MC,T1,7000,LC,13,126,0.10317460317460317,40,0.325,no_education
MC,T1,7000,MC,19,126,0.15079365079365079,40,0.475,no_education
MC,T1,15000,HC,6,126,0.047619047619047616,43,0.13953488372093023,no_education
MC,T1,15000,LC,16,126,0.12698412698412698,43,0.37209302325581395,no_education
MC,T1,15000,MC,21,126,0.16666666666666666,43,0.4883720930232558,no_education
MC,T1,35000,HC,4,126,0.031746031746031744,43,0.09302325581395349,no_education
MC,T1,35000,LC,13,126,0.10317460317460317,43,0.3023255813953488,no_education
MC,T1,35000,MC,26,126,0.20634920634920634,43,0.6046511627906976,no_education
MC,T2,7000,HC,14,123,0.11382113821138211,29,0.4827586206896552,no_education
MC,T2,7000,LC,10,123,0.08130081300813008,29,0.3448275862068966,no_education
MC,T2,7000,MC,5,123,0.04065040650406504,29,0.1724137931034483,no_education
MC,T2,15000,HC,11,123,0.08943089430894309,37,0.2972972972972973,no_education
MC,T2,15000,LC,9,123,0.07317073170731707,37,0.24324324324324326,no_education
MC,T2,15000,MC,17,123,0.13821138211382114,37,0.4594594594594595,no_education
MC,T2,35000,HC,4,123,0.032520325203252036,57,0.07017543859649122,no_education
MC,T2,35000,LC,21,123,0.17073170731707318,57,0.3684210526315789,no_education
MC,T2,35000,MC,32,123,0.2601626016260163,57,0.5614035087719298,no_education
MC,T3,7000,HC,17,125,0.136,26,0.6538461538461539,no_education
MC,T3,7000,LC,4,125,0.032,26,0.15384615384615385,no_education
MC,T3,7000,MC,5,125,0.04,26,0.19230769230769232,no_education
MC,T3,15000,HC,17,125,0.136,31,0.5483870967741935,no_education
MC,T3,15000,LC,6,125,0.048,31,0.1935483870967742,no_education
MC,T3,15000,MC,8,125,0.064,31,0.25806451612903225,no_education
MC,T3,35000,HC,19,125,0.152,68,0.27941176470588236,no_education
MC,T3,35000,LC,24,125,0.192,68,0.35294117647058826,no_education
MC,T3,35000,MC,25,125,0.2,68,0.36764705882352944,no_education
HC,T1,7000,HC,13,74,0.17567567567567569,21,0.6190476190476191,complete_case
HC,T1,7000,LC,1,74,0.013513513513513514,21,0.047619047619047616,complete_case
HC,T1,7000,MC,7,74,0.0945945945945946,21,0.3333333333333333,complete_case
HC,T1,15000,HC,11,74,0.14864864864864866,22,0.5,complete_case
HC,T1,15000,LC,6,74,0.08108108108108109,22,0.2727272727272727,complete_case
HC,T1,15000,MC,5,74,0.06756756756756757,22,0.22727272727272727,complete_case
HC,T1,35000,HC,5,74,0.06756756756756757,31,0.16129032258064516,complete_case
HC,T1,35000,LC,14,74,0.1891891891891892,31,0.45161290322580644,complete_case
HC,T1,35000,MC,12,74,0.16216216216216217,31,0.3870967741935484,complete_case
HC,T2,7000,HC,19,81,0.2345679012345679,21,0.9047619047619048,complete_case
HC,T2,7000,LC,0,81,0,21,0,complete_case
HC,T2,7000,MC,2,81,0.024691358024691357,21,0.09523809523809523,complete_case
HC,T2,15000,HC,20,81,0.24691358024691357,30,0.6666666666666666,complete_case
HC,T2,15000,LC,5,81,0.06172839506172839,30,0.16666666666666666,complete_case
HC,T2,15000,MC,5,81,0.06172839506172839,30,0.16666666666666666,complete_case
HC,T2,35000,HC,14,81,0.1728395061728395,30,0.4666666666666667,complete_case
HC,T2,35000,LC,7,81,0.08641975308641975,30,0.23333333333333334,complete_case
HC,T2,35000,MC,9,81,0.1111111111111111,30,0.3,complete_case
HC,T3,7000,HC,19,105,0.18095238095238095,21,0.9047619047619048,complete_case
HC,T3,7000,LC,0,105,0,21,0,complete_case
HC,T3,7000,MC,2,105,0.01904761904761905,21,0.09523809523809523,complete_case
HC,T3,15000,HC,18,105,0.17142857142857143,21,0.8571428571428571,complete_case
HC,T3,15000,LC,0,105,0,21,0,complete_case
HC,T3,15000,MC,3,105,0.02857142857142857,21,0.14285714285714285,complete_case
HC,T3,35000,HC,48,105,0.45714285714285713,63,0.7619047619047619,complete_case
HC,T3,35000,LC,7,105,0.06666666666666667,63,0.1111111111111111,complete_case
HC,T3,35000,MC,8,105,0.0761904761904762,63,0.12698412698412698,complete_case
LC,T1,7000,HC,0,49,0,17,0,complete_case
LC,T1,7000,LC,12,49,0.24489795918367346,17,0.7058823529411765,complete_case
LC,T1,7000,MC,5,49,0.10204081632653061,17,0.29411764705882354,complete_case
LC,T1,15000,HC,0,49,0,12,0,complete_case
LC,T1,15000,LC,10,49,0.20408163265306123,12,0.8333333333333334,complete_case
LC,T1,15000,MC,2,49,0.04081632653061224,12,0.16666666666666666,complete_case
LC,T1,35000,HC,0,49,0,20,0,complete_case
LC,T1,35000,LC,19,49,0.3877551020408163,20,0.95,complete_case
LC,T1,35000,MC,1,49,0.02040816326530612,20,0.05,complete_case
LC,T2,7000,HC,4,45,0.08888888888888889,19,0.21052631578947367,complete_case
LC,T2,7000,LC,8,45,0.17777777777777778,19,0.42105263157894735,complete_case
LC,T2,7000,MC,7,45,0.15555555555555556,19,0.3684210526315789,complete_case
LC,T2,15000,HC,2,45,0.044444444444444446,13,0.15384615384615385,complete_case
LC,T2,15000,LC,7,45,0.15555555555555556,13,0.5384615384615384,complete_case
LC,T2,15000,MC,4,45,0.08888888888888889,13,0.3076923076923077,complete_case
LC,T2,35000,HC,0,45,0,13,0,complete_case
LC,T2,35000,LC,13,45,0.28888888888888886,13,1,complete_case
LC,T2,35000,MC,0,45,0,13,0,complete_case
LC,T3,7000,HC,8,58,0.13793103448275862,20,0.4,complete_case
LC,T3,7000,LC,4,58,0.06896551724137931,20,0.2,complete_case
LC,T3,7000,MC,8,58,0.13793103448275862,20,0.4,complete_case
LC,T3,15000,HC,3,58,0.05172413793103448,21,0.14285714285714285,complete_case
LC,T3,15000,LC,10,58,0.1724137931034483,21,0.47619047619047616,complete_case
LC,T3,15000,MC,8,58,0.13793103448275862,21,0.38095238095238093,complete_case
LC,T3,35000,HC,2,58,0.034482758620689655,17,0.11764705882352941,complete_case
LC,T3,35000,LC,11,58,0.1896551724137931,17,0.6470588235294118,complete_case
LC,T3,35000,MC,4,58,0.06896551724137931,17,0.23529411764705882,complete_case
MC,T1,7000,HC,2,55,0.03636363636363636,17,0.11764705882352941,complete_case
MC,T1,7000,LC,4,55,0.07272727272727272,17,0.23529411764705882,complete_case
MC,T1,7000,MC,11,55,0.2,17,0.6470588235294118,complete_case
MC,T1,15000,HC,4,55,0.07272727272727272,20,0.2,complete_case
MC,T1,15000,LC,5,55,0.09090909090909091,20,0.25,complete_case
MC,T1,15000,MC,11,55,0.2,20,0.55,complete_case
MC,T1,35000,HC,1,55,0.01818181818181818,18,0.05555555555555555,complete_case
MC,T1,35000,LC,3,55,0.05454545454545454,18,0.16666666666666666,complete_case
MC,T1,35000,MC,14,55,0.2545454545454545,18,0.7777777777777778,complete_case
MC,T2,7000,HC,5,52,0.09615384615384616,12,0.4166666666666667,complete_case
MC,T2,7000,LC,5,52,0.09615384615384616,12,0.4166666666666667,complete_case
MC,T2,7000,MC,2,52,0.038461538461538464,12,0.16666666666666666,complete_case
MC,T2,15000,HC,3,52,0.057692307692307696,11,0.2727272727272727,complete_case
MC,T2,15000,LC,2,52,0.038461538461538464,11,0.18181818181818182,complete_case
MC,T2,15000,MC,6,52,0.11538461538461539,11,0.5454545454545454,complete_case
MC,T2,35000,HC,4,52,0.07692307692307693,29,0.13793103448275862,complete_case
MC,T2,35000,LC,8,52,0.15384615384615385,29,0.27586206896551724,complete_case
MC,T2,35000,MC,17,52,0.3269230769230769,29,0.5862068965517241,complete_case
MC,T3,7000,HC,14,84,0.16666666666666666,21,0.6666666666666666,complete_case
MC,T3,7000,LC,3,84,0.03571428571428571,21,0.14285714285714285,complete_case
MC,T3,7000,MC,4,84,0.047619047619047616,21,0.19047619047619047,complete_case
MC,T3,15000,HC,13,84,0.15476190476190477,20,0.65,complete_case
MC,T3,15000,LC,3,84,0.03571428571428571,20,0.15,complete_case
MC,T3,15000,MC,4,84,0.047619047619047616,20,0.2,complete_case
MC,T3,35000,HC,12,84,0.14285714285714285,43,0.27906976744186046,complete_case
MC,T3,35000,LC,19,84,0.2261904761904762,43,0.4418604651162791,complete_case
MC,T3,35000,MC,12,84,0.14285714285714285,43,0.27906976744186046,complete_case
HC,Bachelor's,7000,HC,50,267,0.18726591760299627,70,0.7142857142857143,education
HC,Bachelor's,7000,LC,3,267,0.011235955056179775,70,0.04285714285714286,education
HC,Bachelor's,7000,MC,17,267,0.06367041198501873,70,0.24285714285714285,education
HC,Bachelor's,15000,HC,45,267,0.16853932584269662,84,0.5357142857142857,education
HC,Bachelor's,15000,LC,18,267,0.06741573033707865,84,0.21428571428571427,education
HC,Bachelor's,15000,MC,21,267,0.07865168539325842,84,0.25,education
HC,Bachelor's,35000,HC,41,267,0.15355805243445692,113,0.36283185840707965,education
HC,Bachelor's,35000,LC,33,267,0.12359550561797752,113,0.2920353982300885,education
HC,Bachelor's,35000,MC,39,267,0.14606741573033707,113,0.34513274336283184,education
HC,Below bachelor's,7000,HC,4,24,0.16666666666666666,7,0.5714285714285714,education
HC,Below bachelor's,7000,LC,2,24,0.08333333333333333,7,0.2857142857142857,education
HC,Below bachelor's,7000,MC,1,24,0.041666666666666664,7,0.14285714285714285,education
HC,Below bachelor's,15000,HC,1,24,0.041666666666666664,6,0.16666666666666666,education
HC,Below bachelor's,15000,LC,3,24,0.125,6,0.5,education
HC,Below bachelor's,15000,MC,2,24,0.08333333333333333,6,0.3333333333333333,education
HC,Below bachelor's,35000,HC,1,24,0.041666666666666664,11,0.09090909090909091,education
HC,Below bachelor's,35000,LC,5,24,0.20833333333333334,11,0.45454545454545453,education
HC,Below bachelor's,35000,MC,5,24,0.20833333333333334,11,0.45454545454545453,education
HC,Master's or doctorate,7000,HC,32,185,0.17297297297297298,35,0.9142857142857143,education
HC,Master's or doctorate,7000,LC,0,185,0,35,0,education
HC,Master's or doctorate,7000,MC,3,185,0.016216216216216217,35,0.08571428571428572,education
HC,Master's or doctorate,15000,HC,38,185,0.20540540540540542,47,0.8085106382978723,education
HC,Master's or doctorate,15000,LC,3,185,0.016216216216216217,47,0.06382978723404255,education
HC,Master's or doctorate,15000,MC,6,185,0.032432432432432434,47,0.1276595744680851,education
HC,Master's or doctorate,35000,HC,68,185,0.3675675675675676,103,0.6601941747572816,education
HC,Master's or doctorate,35000,LC,13,185,0.07027027027027027,103,0.1262135922330097,education
HC,Master's or doctorate,35000,MC,22,185,0.11891891891891893,103,0.21359223300970873,education
HC,Missing education,7000,HC,0,2,0,0,NA,education
HC,Missing education,7000,LC,0,2,0,0,NA,education
HC,Missing education,7000,MC,0,2,0,0,NA,education
HC,Missing education,15000,HC,1,2,0.5,2,0.5,education
HC,Missing education,15000,LC,1,2,0.5,2,0.5,education
HC,Missing education,15000,MC,0,2,0,2,0,education
HC,Missing education,35000,HC,0,2,0,0,NA,education
HC,Missing education,35000,LC,0,2,0,0,NA,education
HC,Missing education,35000,MC,0,2,0,0,NA,education
LC,Bachelor's,7000,HC,11,160,0.06875,56,0.19642857142857142,education
LC,Bachelor's,7000,LC,29,160,0.18125,56,0.5178571428571429,education
LC,Bachelor's,7000,MC,16,160,0.1,56,0.2857142857142857,education
LC,Bachelor's,15000,HC,3,160,0.01875,43,0.06976744186046512,education
LC,Bachelor's,15000,LC,21,160,0.13125,43,0.4883720930232558,education
LC,Bachelor's,15000,MC,19,160,0.11875,43,0.4418604651162791,education
LC,Bachelor's,35000,HC,2,160,0.0125,61,0.03278688524590164,education
LC,Bachelor's,35000,LC,53,160,0.33125,61,0.8688524590163934,education
LC,Bachelor's,35000,MC,6,160,0.0375,61,0.09836065573770492,education
LC,Below bachelor's,7000,HC,0,32,0,16,0,education
LC,Below bachelor's,7000,LC,12,32,0.375,16,0.75,education
LC,Below bachelor's,7000,MC,4,32,0.125,16,0.25,education
LC,Below bachelor's,15000,HC,0,32,0,9,0,education
LC,Below bachelor's,15000,LC,8,32,0.25,9,0.8888888888888888,education
LC,Below bachelor's,15000,MC,1,32,0.03125,9,0.1111111111111111,education
LC,Below bachelor's,35000,HC,0,32,0,7,0,education
LC,Below bachelor's,35000,LC,6,32,0.1875,7,0.8571428571428571,education
LC,Below bachelor's,35000,MC,1,32,0.03125,7,0.14285714285714285,education
LC,Master's or doctorate,7000,HC,10,78,0.1282051282051282,26,0.38461538461538464,education
LC,Master's or doctorate,7000,LC,4,78,0.05128205128205128,26,0.15384615384615385,education
LC,Master's or doctorate,7000,MC,12,78,0.15384615384615385,26,0.46153846153846156,education
LC,Master's or doctorate,15000,HC,4,78,0.05128205128205128,38,0.10526315789473684,education
LC,Master's or doctorate,15000,LC,15,78,0.19230769230769232,38,0.39473684210526316,education
LC,Master's or doctorate,15000,MC,19,78,0.24358974358974358,38,0.5,education
LC,Master's or doctorate,35000,HC,1,78,0.01282051282051282,14,0.07142857142857142,education
LC,Master's or doctorate,35000,LC,10,78,0.1282051282051282,14,0.7142857142857143,education
LC,Master's or doctorate,35000,MC,3,78,0.038461538461538464,14,0.21428571428571427,education
LC,Missing education,7000,HC,0,1,0,0,NA,education
LC,Missing education,7000,LC,0,1,0,0,NA,education
LC,Missing education,7000,MC,0,1,0,0,NA,education
LC,Missing education,15000,HC,0,1,0,1,0,education
LC,Missing education,15000,LC,1,1,1,1,1,education
LC,Missing education,15000,MC,0,1,0,1,0,education
LC,Missing education,35000,HC,0,1,0,0,NA,education
LC,Missing education,35000,LC,0,1,0,0,NA,education
LC,Missing education,35000,MC,0,1,0,0,NA,education
MC,Bachelor's,7000,HC,15,205,0.07317073170731707,51,0.29411764705882354,education
MC,Bachelor's,7000,LC,21,205,0.1024390243902439,51,0.4117647058823529,education
MC,Bachelor's,7000,MC,15,205,0.07317073170731707,51,0.29411764705882354,education
MC,Bachelor's,15000,HC,10,205,0.04878048780487805,60,0.16666666666666666,education
MC,Bachelor's,15000,LC,23,205,0.11219512195121951,60,0.38333333333333336,education
MC,Bachelor's,15000,MC,27,205,0.13170731707317074,60,0.45,education
MC,Bachelor's,35000,HC,16,205,0.07804878048780488,94,0.1702127659574468,education
MC,Bachelor's,35000,LC,33,205,0.16097560975609757,94,0.35106382978723405,education
MC,Bachelor's,35000,MC,45,205,0.21951219512195122,94,0.4787234042553192,education
MC,Below bachelor's,7000,HC,1,37,0.02702702702702703,15,0.06666666666666667,education
MC,Below bachelor's,7000,LC,5,37,0.13513513513513514,15,0.3333333333333333,education
MC,Below bachelor's,7000,MC,9,37,0.24324324324324326,15,0.6,education
MC,Below bachelor's,15000,HC,0,37,0,10,0,education
MC,Below bachelor's,15000,LC,5,37,0.13513513513513514,10,0.5,education
MC,Below bachelor's,15000,MC,5,37,0.13513513513513514,10,0.5,education
MC,Below bachelor's,35000,HC,0,37,0,12,0,education
MC,Below bachelor's,35000,LC,7,37,0.1891891891891892,12,0.5833333333333334,education
MC,Below bachelor's,35000,MC,5,37,0.13513513513513514,12,0.4166666666666667,education
MC,Master's or doctorate,7000,HC,22,131,0.16793893129770993,28,0.7857142857142857,education
MC,Master's or doctorate,7000,LC,1,131,0.007633587786259542,28,0.03571428571428571,education
MC,Master's or doctorate,7000,MC,5,131,0.03816793893129771,28,0.17857142857142858,education
MC,Master's or doctorate,15000,HC,24,131,0.183206106870229,41,0.5853658536585366,education
MC,Master's or doctorate,15000,LC,3,131,0.022900763358778626,41,0.07317073170731707,education
MC,Master's or doctorate,15000,MC,14,131,0.10687022900763359,41,0.34146341463414637,education
MC,Master's or doctorate,35000,HC,11,131,0.08396946564885496,62,0.1774193548387097,education
MC,Master's or doctorate,35000,LC,18,131,0.13740458015267176,62,0.2903225806451613,education
MC,Master's or doctorate,35000,MC,33,131,0.25190839694656486,62,0.532258064516129,education
MC,Missing education,7000,HC,1,1,1,1,1,education
MC,Missing education,7000,LC,0,1,0,1,0,education
MC,Missing education,7000,MC,0,1,0,1,0,education
MC,Missing education,15000,HC,0,1,0,0,NA,education
MC,Missing education,15000,LC,0,1,0,0,NA,education
MC,Missing education,15000,MC,0,1,0,0,NA,education
MC,Missing education,35000,HC,0,1,0,0,NA,education
MC,Missing education,35000,LC,0,1,0,0,NA,education
MC,Missing education,35000,MC,0,1,0,0,NA,education
