specification,responder_caste,attribute_group,direction,letters,group_letters,share
all_recorded,HC,T1,Down,139,205,0.6780487804878049
all_recorded,HC,T1,Own,66,205,0.32195121951219513
all_recorded,HC,T2,Down,85,188,0.4521276595744681
all_recorded,HC,T2,Own,103,188,0.5478723404255319
all_recorded,HC,T3,Down,33,180,0.18333333333333332
all_recorded,HC,T3,Own,147,180,0.8166666666666667
all_recorded,LC,T1,Own,81,110,0.7363636363636363
all_recorded,LC,T1,Up,29,110,0.2636363636363636
all_recorded,LC,T2,Own,60,115,0.5217391304347826
all_recorded,LC,T2,Up,55,115,0.4782608695652174
all_recorded,LC,T3,Own,37,103,0.3592233009708738
all_recorded,LC,T3,Up,66,103,0.6407766990291263
all_recorded,MC,T1,Down,66,160,0.4125
all_recorded,MC,T1,Own,77,160,0.48125
all_recorded,MC,T1,Up,17,160,0.10625
all_recorded,MC,T2,Down,56,157,0.35668789808917195
all_recorded,MC,T2,Own,59,157,0.37579617834394907
all_recorded,MC,T2,Up,42,157,0.267515923566879
all_recorded,MC,T3,Down,41,148,0.27702702702702703
all_recorded,MC,T3,Own,40,148,0.2702702702702703
all_recorded,MC,T3,Up,67,148,0.4527027027027027
complete_case,HC,T1,Down,45,74,0.6081081081081081
complete_case,HC,T1,Own,29,74,0.3918918918918919
complete_case,HC,T2,Down,28,81,0.345679012345679
complete_case,HC,T2,Own,53,81,0.654320987654321
complete_case,HC,T3,Down,20,105,0.19047619047619047
complete_case,HC,T3,Own,85,105,0.8095238095238095
complete_case,LC,T1,Own,41,49,0.8367346938775511
complete_case,LC,T1,Up,8,49,0.16326530612244897
complete_case,LC,T2,Own,28,45,0.6222222222222222
complete_case,LC,T2,Up,17,45,0.37777777777777777
complete_case,LC,T3,Own,25,58,0.43103448275862066
complete_case,LC,T3,Up,33,58,0.5689655172413793
complete_case,MC,T1,Down,12,55,0.21818181818181817
complete_case,MC,T1,Own,36,55,0.6545454545454545
complete_case,MC,T1,Up,7,55,0.12727272727272726
complete_case,MC,T2,Down,15,52,0.28846153846153844
complete_case,MC,T2,Own,25,52,0.4807692307692308
complete_case,MC,T2,Up,12,52,0.23076923076923078
complete_case,MC,T3,Down,25,84,0.2976190476190476
complete_case,MC,T3,Own,20,84,0.23809523809523808
complete_case,MC,T3,Up,39,84,0.4642857142857143
edition_1,HC,T1,Down,49,73,0.6712328767123288
edition_1,HC,T1,Own,24,73,0.3287671232876712
edition_1,HC,T2,Down,35,72,0.4861111111111111
edition_1,HC,T2,Own,37,72,0.5138888888888888
edition_1,HC,T3,Down,6,73,0.0821917808219178
edition_1,HC,T3,Own,67,73,0.9178082191780822
edition_1,LC,T1,Own,38,50,0.76
edition_1,LC,T1,Up,12,50,0.24
edition_1,LC,T2,Own,31,51,0.6078431372549019
edition_1,LC,T2,Up,20,51,0.39215686274509803
edition_1,LC,T3,Own,22,56,0.39285714285714285
edition_1,LC,T3,Up,34,56,0.6071428571428571
edition_1,MC,T1,Down,29,59,0.4915254237288136
edition_1,MC,T1,Own,24,59,0.4067796610169492
edition_1,MC,T1,Up,6,59,0.1016949152542373
edition_1,MC,T2,Down,23,77,0.2987012987012987
edition_1,MC,T2,Own,35,77,0.45454545454545453
edition_1,MC,T2,Up,19,77,0.24675324675324675
edition_1,MC,T3,Down,7,73,0.0958904109589041
edition_1,MC,T3,Own,26,73,0.3561643835616438
edition_1,MC,T3,Up,40,73,0.547945205479452
edition_2,HC,T1,Down,55,89,0.6179775280898876
edition_2,HC,T1,Own,34,89,0.38202247191011235
edition_2,HC,T2,Down,31,85,0.36470588235294116
edition_2,HC,T2,Own,54,85,0.6352941176470588
edition_2,HC,T3,Down,21,86,0.2441860465116279
edition_2,HC,T3,Own,65,86,0.7558139534883721
edition_2,LC,T1,Own,34,42,0.8095238095238095
edition_2,LC,T1,Up,8,42,0.19047619047619047
edition_2,LC,T2,Own,21,38,0.5526315789473685
edition_2,LC,T2,Up,17,38,0.4473684210526316
edition_2,LC,T3,Own,13,34,0.38235294117647056
edition_2,LC,T3,Up,21,34,0.6176470588235294
edition_2,MC,T1,Down,18,66,0.2727272727272727
edition_2,MC,T1,Own,41,66,0.6212121212121212
edition_2,MC,T1,Up,7,66,0.10606060606060606
edition_2,MC,T2,Down,17,47,0.3617021276595745
edition_2,MC,T2,Own,21,47,0.44680851063829785
edition_2,MC,T2,Up,9,47,0.19148936170212766
edition_2,MC,T3,Down,22,52,0.4230769230769231
edition_2,MC,T3,Own,11,52,0.21153846153846154
edition_2,MC,T3,Up,19,52,0.36538461538461536
education,HC,Bachelor's,Down,131,267,0.49063670411985016
education,HC,Bachelor's,Own,136,267,0.5093632958801498
education,HC,Below bachelor's,Down,18,24,0.75
education,HC,Below bachelor's,Own,6,24,0.25
education,HC,Master's or doctorate,Down,47,185,0.25405405405405407
education,HC,Master's or doctorate,Own,138,185,0.745945945945946
education,HC,Missing education,Down,1,2,0.5
education,HC,Missing education,Own,1,2,0.5
education,LC,Bachelor's,Own,103,160,0.64375
education,LC,Bachelor's,Up,57,160,0.35625
education,LC,Below bachelor's,Own,26,32,0.8125
education,LC,Below bachelor's,Up,6,32,0.1875
education,LC,Master's or doctorate,Own,29,78,0.3717948717948718
education,LC,Master's or doctorate,Up,49,78,0.6282051282051282
education,LC,Missing education,Own,1,1,1
education,LC,Missing education,Up,0,1,0
education,MC,Bachelor's,Down,77,205,0.375609756097561
education,MC,Bachelor's,Own,87,205,0.424390243902439
education,MC,Bachelor's,Up,41,205,0.2
education,MC,Below bachelor's,Down,17,37,0.4594594594594595
education,MC,Below bachelor's,Own,19,37,0.5135135135135135
education,MC,Below bachelor's,Up,1,37,0.02702702702702703
education,MC,Master's or doctorate,Down,22,131,0.16793893129770993
education,MC,Master's or doctorate,Own,52,131,0.3969465648854962
education,MC,Master's or doctorate,Up,57,131,0.4351145038167939
education,MC,Missing education,Down,0,1,0
education,MC,Missing education,Own,0,1,0
education,MC,Missing education,Up,1,1,1
excluded,HC,T1,Down,35,43,0.813953488372093
excluded,HC,T1,Own,8,43,0.18604651162790697
excluded,HC,T2,Down,19,31,0.6129032258064516
excluded,HC,T2,Own,12,31,0.3870967741935484
excluded,HC,T3,Down,6,21,0.2857142857142857
excluded,HC,T3,Own,15,21,0.7142857142857143
excluded,LC,T1,Own,9,18,0.5
excluded,LC,T1,Up,9,18,0.5
excluded,LC,T2,Own,8,26,0.3076923076923077
excluded,LC,T2,Up,18,26,0.6923076923076923
excluded,LC,T3,Own,2,13,0.15384615384615385
excluded,LC,T3,Up,11,13,0.8461538461538461
excluded,MC,T1,Down,19,35,0.5428571428571428
excluded,MC,T1,Own,12,35,0.34285714285714286
excluded,MC,T1,Up,4,35,0.11428571428571428
excluded,MC,T2,Down,16,33,0.48484848484848486
excluded,MC,T2,Own,3,33,0.09090909090909091
excluded,MC,T2,Up,14,33,0.42424242424242425
excluded,MC,T3,Down,12,23,0.5217391304347826
excluded,MC,T3,Own,3,23,0.13043478260869565
excluded,MC,T3,Up,8,23,0.34782608695652173
no_education,HC,T1,Down,93,160,0.58125
no_education,HC,T1,Own,67,160,0.41875
no_education,HC,T2,Down,72,160,0.45
no_education,HC,T2,Own,88,160,0.55
no_education,HC,T3,Down,32,158,0.20253164556962025
no_education,HC,T3,Own,126,158,0.7974683544303798
no_education,LC,T1,Own,67,91,0.7362637362637363
no_education,LC,T1,Up,24,91,0.26373626373626374
no_education,LC,T2,Own,59,90,0.6555555555555556
no_education,LC,T2,Up,31,90,0.34444444444444444
no_education,LC,T3,Own,33,90,0.36666666666666664
no_education,LC,T3,Up,57,90,0.6333333333333333
no_education,MC,T1,Down,42,126,0.3333333333333333
no_education,MC,T1,Own,66,126,0.5238095238095238
no_education,MC,T1,Up,18,126,0.14285714285714285
no_education,MC,T2,Down,40,123,0.3252032520325203
no_education,MC,T2,Own,54,123,0.43902439024390244
no_education,MC,T2,Up,29,123,0.23577235772357724
no_education,MC,T3,Down,34,125,0.272
no_education,MC,T3,Own,38,125,0.304
no_education,MC,T3,Up,53,125,0.424
retained,HC,T1,Down,104,162,0.6419753086419753
retained,HC,T1,Own,58,162,0.35802469135802467
retained,HC,T2,Down,66,157,0.42038216560509556
retained,HC,T2,Own,91,157,0.5796178343949044
retained,HC,T3,Down,27,159,0.16981132075471697
retained,HC,T3,Own,132,159,0.8301886792452831
retained,LC,T1,Own,72,92,0.782608695652174
retained,LC,T1,Up,20,92,0.21739130434782608
retained,LC,T2,Own,52,89,0.5842696629213483
retained,LC,T2,Up,37,89,0.4157303370786517
retained,LC,T3,Own,35,90,0.3888888888888889
retained,LC,T3,Up,55,90,0.6111111111111112
retained,MC,T1,Down,47,125,0.376
retained,MC,T1,Own,65,125,0.52
retained,MC,T1,Up,13,125,0.104
retained,MC,T2,Down,40,124,0.3225806451612903
retained,MC,T2,Own,56,124,0.45161290322580644
retained,MC,T2,Up,28,124,0.22580645161290322
retained,MC,T3,Down,29,125,0.232
retained,MC,T3,Own,37,125,0.296
retained,MC,T3,Up,59,125,0.472
