attribute_group,groom_income,lower,upper,fraction_lc_ahead,fraction_equal,draws
T1,7000,-0.24074074074074073,-0.10559006211180125,0,0,2000
T1,15000,-0.1125,0.04348505434782605,0.152,0.0505,2000
T1,35000,0.042301136363636374,0.18126420454545444,0.998,0,2000
T2,7000,-0.2356776911817067,-0.10450855501436279,0,0,2000
T2,15000,-0.23270440251572327,-0.06329113924050633,0,5e-4,2000
T2,35000,-0.16770186335403728,0.01961850649350574,0.055,0.0225,2000
T3,7000,-0.23270440251572327,-0.11320754716981132,0,0,2000
T3,15000,-0.2578616352201258,-0.1320754716981132,0,0,2000
T3,35000,-0.5094339622641509,-0.31446540880503143,0,0,2000
