citation_key,publisher_url,reading_copy,coverage,metadata_notes
dugar2012,https://onlinelibrary.wiley.com/doi/10.1111/j.1465-7295.2011.00398.x,sources/paper_2010_12_final_draft.pdf,Publisher metadata and abstract; full author draft,Issue year 2012 rather than online year 2011; name and title capitalization normalized.
banerjee2013,https://www.aeaweb.org/articles?id=10.1257/mic.5.2.33,../caste-marriage-banerjee/sources/paper.pdf,Published paper sections II-III and IV; sibling README and tradeoff interpretation,Publisher metadata matches; use primary paper for substantive claims.
hitsch2010matching,https://www.aeaweb.org/articles?id=10.1257/aer.100.1.130,../caste-marriage-banerjee/sources/hitsch_2010.pdf,Published paper introduction and sections II-III,Ali spelling normalized from dotless-i Crossref variant using AEA author listing; accent in Guenter follows PDF.
hitsch2010click,https://link.springer.com/article/10.1007/s11129-010-9088-6,,Publisher abstract and methodological notes; not full text,Issue year 2010; page range and issue checked with Crossref.
fisman2008,https://academic.oup.com/restud/article-abstract/75/1/117/1626821,../caste-marriage-banerjee/sources/fisman_2008.pdf,Published paper introduction and experimental description,Name capitalization normalized; journal initial The retained.
bartos2016,https://www.aeaweb.org/articles?id=10.1257/aer.20140571,,Publisher abstract; attention measurement and interpretation,Crossref issue metadata and accented names checked.
agarwal2026,https://www.restud.com/demand-analysis-under-latent-choice-constraints/,https://www.restud.com/wp-content/uploads/2025/10/manuscript.pdf,Accepted manuscript introduction and identification overview; publisher abstract,Issue year 2026; online year 2025.
abaluck2021,https://academic.oup.com/qje/article/136/3/1611/6169736,,Publisher abstract and identification overview; Oxford author record,Crossref and publisher issue metadata checked.
barseghyan2021,https://doi.org/10.3982/ECTA17448,https://molinari.economics.cornell.edu/docs/ECTA17448.pdf,Published introduction; assumptions 2.1-2.2 and theorem 3.1,Crossref published year used; no separate published-print field.
kline2021,https://doi.org/10.3982/ECTA17489,,Publisher abstract; repeated applications and heterogeneity,Crossref published year used; no separate published-print field.
johari2022,https://doi.org/10.1287/mnsc.2021.4247,,Publisher abstract and Stanford author summary; no full-paper audit,Use publisher article pages 7069-7089 rather than Stanford issue page range.
